{
    "bilibilitv2": "bilibilitv/[tv_doge].png",
    "bilibilitv3": "bilibilitv/[tv_亲亲].png",
    "bilibilitv4": "bilibilitv/[tv_偷笑].png",
    "bilibilitv5": "bilibilitv/[tv_再见].png",
    "bilibilitv6": "bilibilitv/[tv_冷漠].png",
    "bilibilitv7": "bilibilitv/[tv_发怒].png",
    "bilibilitv8": "bilibilitv/[tv_发财].png",
    "bilibilitv9": "bilibilitv/[tv_可爱].png",
    "bilibilitv10": "bilibilitv/[tv_吐血].png",
    "bilibilitv11": "bilibilitv/[tv_呆].png",
    "bilibilitv12": "bilibilitv/[tv_呕吐].png",
    "bilibilitv13": "bilibilitv/[tv_困].png",
    "bilibilitv14": "bilibilitv/[tv_坏笑].png",
    "bilibilitv15": "bilibilitv/[tv_大佬].png",
    "bilibilitv16": "bilibilitv/[tv_大哭].png",
    "bilibilitv17": "bilibilitv/[tv_委屈].png",
    "bilibilitv18": "bilibilitv/[tv_害羞].png",
    "bilibilitv19": "bilibilitv/[tv_尴尬].png",
    "bilibilitv20": "bilibilitv/[tv_微笑].png",
    "bilibilitv21": "bilibilitv/[tv_思考].png",
    "bilibilitv22": "bilibilitv/[tv_惊吓].png",
    "bilibilitv23": "bilibilitv/[tv_打脸].png",
    "bilibilitv24": "bilibilitv/[tv_抓狂].png",
    "bilibilitv25": "bilibilitv/[tv_抠鼻].png",
    "bilibilitv26": "bilibilitv/[tv_斜眼笑].png",
    "bilibilitv27": "bilibilitv/[tv_无奈].png",
    "bilibilitv28": "bilibilitv/[tv_晕].png",
    "bilibilitv29": "bilibilitv/[tv_流汗].png",
    "bilibilitv30": "bilibilitv/[tv_流泪].png",
    "bilibilitv31": "bilibilitv/[tv_流鼻血].png",
    "bilibilitv32": "bilibilitv/[tv_点赞].png",
    "bilibilitv33": "bilibilitv/[tv_生气].png",
    "bilibilitv34": "bilibilitv/[tv_生病].png",
    "bilibilitv35": "bilibilitv/[tv_疑问].png",
    "bilibilitv36": "bilibilitv/[tv_白眼].png",
    "bilibilitv37": "bilibilitv/[tv_皱眉].png",
    "bilibilitv38": "bilibilitv/[tv_目瞪口呆].png",
    "bilibilitv39": "bilibilitv/[tv_睡着].png",
    "bilibilitv40": "bilibilitv/[tv_笑哭].png",
    "bilibilitv41": "bilibilitv/[tv_腼腆].png",
    "bilibilitv42": "bilibilitv/[tv_色].png",
    "bilibilitv43": "bilibilitv/[tv_调侃].png",
    "bilibilitv44": "bilibilitv/[tv_调皮].png",
    "bilibilitv45": "bilibilitv/[tv_鄙视].png",
    "bilibilitv46": "bilibilitv/[tv_闭嘴].png",
    "bilibilitv47": "bilibilitv/[tv_难过].png",
    "bilibilitv48": "bilibilitv/[tv_馋].png",
    "bilibilitv49": "bilibilitv/[tv_鬼脸].png",
    "bilibilitv50": "bilibilitv/[tv_黑人问号].png",
    "bilibilitv51": "bilibilitv/[tv_鼓掌].png",
    "bilibili22332": "bilibili2233/[2233娘_卖萌].png",
    "bilibili22333": "bilibili2233/[2233娘_吃惊].png",
    "bilibili22334": "bilibili2233/[2233娘_吐魂].png",
    "bilibili22335": "bilibili2233/[2233娘_喝水].png",
    "bilibili22336": "bilibili2233/[2233娘_困惑].png",
    "bilibili22337": "bilibili2233/[2233娘_大哭].png",
    "bilibili22338": "bilibili2233/[2233娘_大笑].png",
    "bilibili22339": "bilibili2233/[2233娘_委屈].png",
    "bilibili223310": "bilibili2233/[2233娘_怒].png",
    "bilibili223311": "bilibili2233/[2233娘_无言].png",
    "bilibili223312": "bilibili2233/[2233娘_汗].png",
    "bilibili223313": "bilibili2233/[2233娘_疑问].png",
    "bilibili223314": "bilibili2233/[2233娘_第一].png",
    "bilibili223315": "bilibili2233/[2233娘_耶].png",
    "bilibili223316": "bilibili2233/[2233娘_郁闷].png",
    "weibo2": "weibo/d_aoteman.png",
    "weibo3": "weibo/d_baibai.png",
    "weibo4": "weibo/d_baobao.png",
    "weibo5": "weibo/d_beishang.png",
    "weibo6": "weibo/d_bingbujiandan.png",
    "weibo7": "weibo/d_bishi.png",
    "weibo8": "weibo/d_bizui.png",
    "weibo9": "weibo/d_chanzui.png",
    "weibo10": "weibo/d_chigua.png",
    "weibo11": "weibo/d_chijing.png",
    "weibo12": "weibo/d_dahaqi.png",
    "weibo13": "weibo/d_dalian.png",
    "weibo14": "weibo/d_ding.png",
    "weibo15": "weibo/d_doge.png",
    "weibo16": "weibo/d_erha.png",
    "weibo17": "weibo/d_feijie.png",
    "weibo18": "weibo/d_feizao.png",
    "weibo19": "weibo/d_ganmao.png",
    "weibo20": "weibo/d_guile.png",
    "weibo21": "weibo/d_guzhang.png",
    "weibo22": "weibo/d_haha.png",
    "weibo23": "weibo/d_haixiu.png",
    "weibo24": "weibo/d_han.png",
    "weibo25": "weibo/d_hehe.png",
    "weibo26": "weibo/d_heiheihei.png",
    "weibo27": "weibo/d_heixian.png",
    "weibo28": "weibo/d_heng.png",
    "weibo29": "weibo/d_huaixiao.png",
    "weibo30": "weibo/d_huaxin.png",
    "weibo31": "weibo/d_jiyan.png",
    "weibo32": "weibo/d_keai.png",
    "weibo33": "weibo/d_kelian.png",
    "weibo34": "weibo/d_ku.png",
    "weibo35": "weibo/d_kulou.png",
    "weibo36": "weibo/d_kun.png",
    "weibo37": "weibo/d_landelini.png",
    "weibo38": "weibo/d_lang.png",
    "weibo39": "weibo/d_lei.png",
    "weibo40": "weibo/d_miao.png",
    "weibo41": "weibo/d_nanhaier.png",
    "weibo42": "weibo/d_nu.png",
    "weibo43": "weibo/d_numa.png",
    "weibo44": "weibo/d_nvhaier.png",
    "weibo45": "weibo/d_qian.png",
    "weibo46": "weibo/d_qinqin.png",
    "weibo47": "weibo/d_shayan.png",
    "weibo48": "weibo/d_shengbing.png",
    "weibo49": "weibo/d_shenshou.png",
    "weibo50": "weibo/d_shiwang.png",
    "weibo51": "weibo/d_shuai.png",
    "weibo52": "weibo/d_shuijiao.png",
    "weibo53": "weibo/d_sikao.png",
    "weibo54": "weibo/d_taikaixin.png",
    "weibo55": "weibo/d_tanshou.png",
    "weibo56": "weibo/d_tian.png",
    "weibo57": "weibo/d_touxiao.png",
    "weibo58": "weibo/d_tu.png",
    "weibo59": "weibo/d_tuzi.png",
    "weibo60": "weibo/d_wabishi.png",
    "weibo61": "weibo/d_weiqu.png",
    "weibo62": "weibo/d_wu.png",
    "weibo63": "weibo/d_xiaoku.png",
    "weibo64": "weibo/d_xingxingyan.png",
    "weibo65": "weibo/d_xiongmao.png",
    "weibo66": "weibo/d_xixi.png",
    "weibo67": "weibo/d_xu.png",
    "weibo68": "weibo/d_yinxian.png",
    "weibo69": "weibo/d_yiwen.png",
    "weibo70": "weibo/d_youhengheng.png",
    "weibo71": "weibo/d_yun.png",
    "weibo72": "weibo/d_yunbei.png",
    "weibo73": "weibo/d_zhuakuang.png",
    "weibo74": "weibo/d_zhutou.png",
    "weibo75": "weibo/d_zuiyou.png",
    "weibo76": "weibo/emoji_0x1f31f.png",
    "weibo77": "weibo/emoji_0x1f349.png",
    "weibo78": "weibo/emoji_0x1f357.png",
    "weibo79": "weibo/emoji_0x1f384.png",
    "weibo80": "weibo/emoji_0x1f44f.png",
    "weibo81": "weibo/emoji_0x1f47b.png",
    "weibo82": "weibo/emoji_0x1f47f.png",
    "weibo83": "weibo/emoji_0x1f48a.png",
    "weibo84": "weibo/emoji_0x1f4a3.png",
    "weibo85": "weibo/emoji_0x1f4a9.png",
    "weibo86": "weibo/emoji_0x1f631.png",
    "weibo87": "weibo/emoji_0x1f643.png",
    "weibo88": "weibo/emoji_0x1f645.png",
    "weibo89": "weibo/emoji_0x1f648.png",
    "weibo90": "weibo/emoji_0x1f649.png",
    "weibo91": "weibo/emoji_0x1f64a.png",
    "weibo92": "weibo/emoji_0x1f64b.png",
    "weibo93": "weibo/emoji_0x1f64f.png",
    "weibo94": "weibo/emoji_0x1f913.png",
    "weibo95": "weibo/emoji_0x1f917.png",
    "weibo96": "weibo/emoji_0x26a1.png",
    "weibo97": "weibo/h_buyao.png",
    "weibo98": "weibo/h_good.png",
    "weibo99": "weibo/h_haha.png",
    "weibo100": "weibo/h_jiayou.png",
    "weibo101": "weibo/h_lai.png",
    "weibo102": "weibo/h_ok.png",
    "weibo103": "weibo/h_quantou.png",
    "weibo104": "weibo/h_ruo.png",
    "weibo105": "weibo/h_woshou.png",
    "weibo106": "weibo/h_ye.png",
    "weibo107": "weibo/h_zan.png",
    "weibo108": "weibo/h_zuoyi.png",
    "Coolapk2": "Coolapk/coolapk_emotion_100_qqdoge.png",
    "Coolapk3": "Coolapk/coolapk_emotion_1010.png",
    "Coolapk4": "Coolapk/coolapk_emotion_1011.png",
    "Coolapk5": "Coolapk/coolapk_emotion_1012.png",
    "Coolapk6": "Coolapk/coolapk_emotion_1013.png",
    "Coolapk7": "Coolapk/coolapk_emotion_1014.png",
    "Coolapk8": "Coolapk/coolapk_emotion_1015.png",
    "Coolapk9": "Coolapk/coolapk_emotion_1016.png",
    "Coolapk10": "Coolapk/coolapk_emotion_1017.png",
    "Coolapk11": "Coolapk/coolapk_emotion_1018.png",
    "Coolapk12": "Coolapk/coolapk_emotion_1019.png",
    "Coolapk13": "Coolapk/coolapk_emotion_101_pyjiaoyi.png",
    "Coolapk14": "Coolapk/coolapk_emotion_1020.png",
    "Coolapk15": "Coolapk/coolapk_emotion_1021.png",
    "Coolapk16": "Coolapk/coolapk_emotion_102_fadai.png",
    "Coolapk17": "Coolapk/coolapk_emotion_103_nb.png",
    "Coolapk18": "Coolapk/coolapk_emotion_104.png",
    "Coolapk19": "Coolapk/coolapk_emotion_105.png",
    "Coolapk20": "Coolapk/coolapk_emotion_106.png",
    "Coolapk21": "Coolapk/coolapk_emotion_107.png",
    "Coolapk22": "Coolapk/coolapk_emotion_108.png",
    "Coolapk23": "Coolapk/coolapk_emotion_109.png",
    "Coolapk24": "Coolapk/coolapk_emotion_10_aoman.png",
    "Coolapk25": "Coolapk/coolapk_emotion_11_yiwen.png",
    "Coolapk26": "Coolapk/coolapk_emotion_12_wuyu.png",
    "Coolapk27": "Coolapk/coolapk_emotion_13_huaixiao.png",
    "Coolapk28": "Coolapk/coolapk_emotion_14_bishi.png",
    "Coolapk29": "Coolapk/coolapk_emotion_15_fanu.png",
    "Coolapk30": "Coolapk/coolapk_emotion_16_tuosai.png",
    "Coolapk31": "Coolapk/coolapk_emotion_17_tushe.png",
    "Coolapk32": "Coolapk/coolapk_emotion_18_han.png",
    "Coolapk33": "Coolapk/coolapk_emotion_19_koubi.png",
    "Coolapk34": "Coolapk/coolapk_emotion_1_hahaha.png",
    "Coolapk35": "Coolapk/coolapk_emotion_20_qinqin.png",
    "Coolapk36": "Coolapk/coolapk_emotion_21_penxue.png",
    "Coolapk37": "Coolapk/coolapk_emotion_22_xiaoyan.png",
    "Coolapk38": "Coolapk/coolapk_emotion_23_shui.png",
    "Coolapk39": "Coolapk/coolapk_emotion_24_wuzuixiao.png",
    "Coolapk40": "Coolapk/coolapk_emotion_25_zaijian.png",
    "Coolapk41": "Coolapk/coolapk_emotion_26_kelian.png",
    "Coolapk42": "Coolapk/coolapk_emotion_27_qiang.png",
    "Coolapk43": "Coolapk/coolapk_emotion_28_ruo.png",
    "Coolapk44": "Coolapk/coolapk_emotion_29_baoquan.png",
    "Coolapk45": "Coolapk/coolapk_emotion_2_jingya.png",
    "Coolapk46": "Coolapk/coolapk_emotion_30_ok.png",
    "Coolapk47": "Coolapk/coolapk_emotion_31_xiaoku.png",
    "Coolapk48": "Coolapk/coolapk_emotion_32_heiha.png",
    "Coolapk49": "Coolapk/coolapk_emotion_33_wulian.png",
    "Coolapk50": "Coolapk/coolapk_emotion_34_jizhi.png",
    "Coolapk51": "Coolapk/coolapk_emotion_35_ye.png",
    "Coolapk52": "Coolapk/coolapk_emotion_36_ku.png",
    "Coolapk53": "Coolapk/coolapk_emotion_37_doge.png",
    "Coolapk54": "Coolapk/coolapk_emotion_38_wozuimei.png",
    "Coolapk55": "Coolapk/coolapk_emotion_39_caidao.png",
    "Coolapk56": "Coolapk/coolapk_emotion_3_ciya.png",
    "Coolapk57": "Coolapk/coolapk_emotion_40_aixin.png",
    "Coolapk58": "Coolapk/coolapk_emotion_41_meigui.png",
    "Coolapk59": "Coolapk/coolapk_emotion_42_diaoxie.png",
    "Coolapk60": "Coolapk/coolapk_emotion_43_heixian.png",
    "Coolapk61": "Coolapk/coolapk_emotion_44_pen.png",
    "Coolapk62": "Coolapk/coolapk_emotion_45_yinxian.png",
    "Coolapk63": "Coolapk/coolapk_emotion_46_nanguo.png",
    "Coolapk64": "Coolapk/coolapk_emotion_47_weiqu.png",
    "Coolapk65": "Coolapk/coolapk_emotion_48_weiweiyixiao.png",
    "Coolapk66": "Coolapk/coolapk_emotion_49_huanhu.png",
    "Coolapk67": "Coolapk/coolapk_emotion_4_liulei.png",
    "Coolapk68": "Coolapk/coolapk_emotion_50_xinsui.png",
    "Coolapk69": "Coolapk/coolapk_emotion_51_chigua.png",
    "Coolapk70": "Coolapk/coolapk_emotion_52_hejiu.png",
    "Coolapk71": "Coolapk/coolapk_emotion_53_pu.png",
    "Coolapk72": "Coolapk/coolapk_emotion_54_hongyaowan.png",
    "Coolapk73": "Coolapk/coolapk_emotion_55_lvyaowan.png",
    "Coolapk74": "Coolapk/coolapk_emotion_56_dogexiaoku.png",
    "Coolapk75": "Coolapk/coolapk_emotion_57_dogehechi.png",
    "Coolapk76": "Coolapk/coolapk_emotion_58_dogeyuanliangta.png",
    "Coolapk77": "Coolapk/coolapk_emotion_59_erha.png",
    "Coolapk78": "Coolapk/coolapk_emotion_5_keai.png",
    "Coolapk79": "Coolapk/coolapk_emotion_60_kuan.png",
    "Coolapk80": "Coolapk/coolapk_emotion_61_lvmao.png",
    "Coolapk81": "Coolapk/coolapk_emotion_62_huaji.png",
    "Coolapk82": "Coolapk/coolapk_emotion_63_liuhanhuaji.png",
    "Coolapk83": "Coolapk/coolapk_emotion_64_shounuehuaji.png",
    "Coolapk84": "Coolapk/coolapk_emotion_65_coshuaji.png",
    "Coolapk85": "Coolapk/coolapk_emotion_66_doujiyanhuaji.png",
    "Coolapk86": "Coolapk/coolapk_emotion_67_mojinghuaji.png",
    "Coolapk87": "Coolapk/coolapk_emotion_68.png",
    "Coolapk88": "Coolapk/coolapk_emotion_69.png",
    "Coolapk89": "Coolapk/coolapk_emotion_6_weixiao.png",
    "Coolapk90": "Coolapk/coolapk_emotion_70.png",
    "Coolapk91": "Coolapk/coolapk_emotion_71.png",
    "Coolapk92": "Coolapk/coolapk_emotion_72.png",
    "Coolapk93": "Coolapk/coolapk_emotion_73.png",
    "Coolapk94": "Coolapk/coolapk_emotion_74.png",
    "Coolapk95": "Coolapk/coolapk_emotion_75.png",
    "Coolapk96": "Coolapk/coolapk_emotion_76.png",
    "Coolapk97": "Coolapk/coolapk_emotion_77.png",
    "Coolapk98": "Coolapk/coolapk_emotion_78.png",
    "Coolapk99": "Coolapk/coolapk_emotion_79.png",
    "Coolapk100": "Coolapk/coolapk_emotion_7_hehe.png",
    "Coolapk101": "Coolapk/coolapk_emotion_80.png",
    "Coolapk102": "Coolapk/coolapk_emotion_81_naikezui.png",
    "Coolapk103": "Coolapk/coolapk_emotion_82_miaomiao.png",
    "Coolapk104": "Coolapk/coolapk_emotion_83_huoba.png",
    "Coolapk105": "Coolapk/coolapk_emotion_84_baiyan.png",
    "Coolapk106": "Coolapk/coolapk_emotion_85.png",
    "Coolapk107": "Coolapk/coolapk_emotion_86.png",
    "Coolapk108": "Coolapk/coolapk_emotion_87.png",
    "Coolapk109": "Coolapk/coolapk_emotion_88.png",
    "Coolapk110": "Coolapk/coolapk_emotion_89.png",
    "Coolapk111": "Coolapk/coolapk_emotion_8_piezui.png",
    "Coolapk112": "Coolapk/coolapk_emotion_90.png",
    "Coolapk113": "Coolapk/coolapk_emotion_91.png",
    "Coolapk114": "Coolapk/coolapk_emotion_92.png",
    "Coolapk115": "Coolapk/coolapk_emotion_93.png",
    "Coolapk116": "Coolapk/coolapk_emotion_94.png",
    "Coolapk117": "Coolapk/coolapk_emotion_95_erhading.png",
    "Coolapk118": "Coolapk/coolapk_emotion_96_kuanlvmao.png",
    "Coolapk119": "Coolapk/coolapk_emotion_97_haixiu.png",
    "Coolapk120": "Coolapk/coolapk_emotion_98_wunai.png",
    "Coolapk121": "Coolapk/coolapk_emotion_99_zhoumei.png",
    "Coolapk122": "Coolapk/coolapk_emotion_9_se.png",
    "Coolapk123": "Coolapk/c_coolb.png",
    "Coolapk124": "Coolapk/c_fived.png",
    "Coolapk125": "Coolapk/c_fivef.png",
    "Coolapk126": "Coolapk/c_fivem.png",
    "Coolapk127": "Coolapk/c_fiveo.png",
    "Coolapk128": "Coolapk/c_fivey.png",
    "Coolapk129": "Coolapk/c_fy.png",
    "Coolapk130": "Coolapk/c_oned.png",
    "Coolapk131": "Coolapk/c_onef.png",
    "Coolapk132": "Coolapk/c_onem.png",
    "Coolapk133": "Coolapk/c_oneo.png",
    "Coolapk134": "Coolapk/c_oney.png",
    "Coolapk135": "Coolapk/c_oy.png",
    "Coolapk136": "Coolapk/c_teny.png",
    "Coolapk137": "Coolapk/c_twod.png",
    "Coolapk138": "Coolapk/c_twof.png",
    "Coolapk139": "Coolapk/c_twom.png",
    "Coolapk140": "Coolapk/c_twoo.png",
    "Coolapk141": "Coolapk/c_twoy.png",
    "Coolapk142": "Coolapk/c_ty.png",
    "Little-Bad2": "Little-Bad/一群坏坏.jpg",
    "Little-Bad3": "Little-Bad/中坏坏.jpg",
    "Little-Bad4": "Little-Bad/发火的坏坏.jpg",
    "Little-Bad5": "Little-Bad/坏坏坏.jpg",
    "Little-Bad6": "Little-Bad/大坏坏.jpg",
    "Little-Bad7": "Little-Bad/天使一般的坏坏.jpg",
    "Little-Bad8": "Little-Bad/害羞坏.jpg",
    "Little-Bad9": "Little-Bad/小坏蛋.jpg",
    "Little-Bad10": "Little-Bad/我们一起做坏坏的事.jpg",
    "Little-Bad11": "Little-Bad/敲板子的坏坏.gif",
    "Little-Bad12": "Little-Bad/比地球还大的坏坏.jpg",
    "Little-Bad13": "Little-Bad/流泪的坏坏.jpg",
    "Little-Bad14": "Little-Bad/热炸的坏坏.jpg",
    "QQ1": "QQ/aini.gif",
    "QQ2": "QQ/aixin.gif",
    "QQ3": "QQ/aoman.gif",
    "QQ4": "QQ/baiyan.gif",
    "QQ5": "QQ/bangbangtang.gif",
    "QQ6": "QQ/baojin.gif",
    "QQ7": "QQ/baoquan.gif",
    "QQ8": "QQ/bishi.gif",
    "QQ9": "QQ/bizui.gif",
    "QQ11": "QQ/cahan.gif",
    "QQ12": "QQ/caidao.gif",
    "QQ13": "QQ/chi.gif",
    "QQ14": "QQ/ciya.gif",
    "QQ15": "QQ/dabing.gif",
    "QQ16": "QQ/daku.gif",
    "QQ17": "QQ/dan.gif",
    "QQ18": "QQ/deyi.gif",
    "QQ19": "QQ/doge.gif",
    "QQ20": "QQ/fadai.gif",
    "QQ21": "QQ/fanu.gif",
    "QQ22": "QQ/fendou.gif",
    "QQ23": "QQ/ganga.gif",
    "QQ24": "QQ/gouyin.gif",
    "QQ25": "QQ/guzhang.gif",
    "QQ26": "QQ/haixiu.gif",
    "QQ27": "QQ/hanxiao.gif",
    "QQ28": "QQ/haobang.gif",
    "QQ29": "QQ/haqian.gif",
    "QQ30": "QQ/hecai.gif",
    "QQ31": "QQ/hexie.gif",
    "QQ32": "QQ/huaixiao.gif",
    "QQ33": "QQ/jie.gif",
    "QQ34": "QQ/jingkong.gif",
    "QQ35": "QQ/jingxi.gif",
    "QQ36": "QQ/jingya.gif",
    "QQ37": "QQ/juhua.gif",
    "QQ38": "QQ/keai.gif",
    "QQ39": "QQ/kelian.gif",
    "QQ40": "QQ/koubi.gif",
    "QQ41": "QQ/ku.gif",
    "QQ42": "QQ/kuaikule.gif",
    "QQ43": "QQ/kulou.gif",
    "QQ44": "QQ/kun.gif",
    "QQ45": "QQ/lanqiu.gif",
    "QQ46": "QQ/leiben.gif",
    "QQ47": "QQ/lenghan.gif",
    "QQ48": "QQ/liuhan.gif",
    "QQ49": "QQ/liulei.gif",
    "QQ50": "QQ/nanguo.gif",
    "QQ51": "QQ/OK.gif",
    "QQ52": "QQ/penxue.gif",
    "QQ53": "QQ/piezui.gif",
    "QQ54": "QQ/pijiu.gif",
    "QQ55": "QQ/qiang.gif",
    "QQ56": "QQ/qiaoda.gif",
    "QQ57": "QQ/qinqin.gif",
    "QQ58": "QQ/qiudale.gif",
    "QQ59": "QQ/quantou.gif",
    "QQ60": "QQ/saorao.gif",
    "QQ61": "QQ/se.gif",
    "QQ62": "QQ/shengli.gif",
    "QQ63": "QQ/shouqiang.gif",
    "QQ64": "QQ/shuai.gif",
    "QQ65": "QQ/shui.gif",
    "QQ66": "QQ/tiaopi.gif",
    "QQ67": "QQ/touxiao.gif",
    "QQ68": "QQ/tu.gif",
    "QQ69": "QQ/tuosai.gif",
    "QQ70": "QQ/weiqu.gif",
    "QQ71": "QQ/weixiao.gif",
    "QQ72": "QQ/woshou.gif",
    "QQ73": "QQ/wozuimei.gif",
    "QQ74": "QQ/wunai.gif",
    "QQ75": "QQ/xia.gif",
    "QQ76": "QQ/xiaojiujie.gif",
    "QQ77": "QQ/xiaoku.gif",
    "QQ78": "QQ/xiaoyanger.gif",
    "QQ79": "QQ/xieyanxiao.gif",
    "QQ80": "QQ/xigua.gif",
    "QQ81": "QQ/xu.gif",
    "QQ82": "QQ/yangtuo.gif",
    "QQ83": "QQ/yinxian.gif",
    "QQ84": "QQ/yiwen.gif",
    "QQ85": "QQ/youhengheng.gif",
    "QQ86": "QQ/youling.gif",
    "QQ87": "QQ/yun.gif",
    "QQ88": "QQ/zaijian.gif",
    "QQ89": "QQ/zhayanjian.gif",
    "QQ90": "QQ/zhemo.gif",
    "QQ91": "QQ/zhouma.gif",
    "QQ92": "QQ/zhuakuang.gif",
    "QQ93": "QQ/zuohengheng.gif"
    }