{"meta":{"title":"SL's Blog","subtitle":"SL's Blog","description":"梦中做梦，做了个白日梦","author":"SL","url":"https://blog.slqwq.cn","root":"/"},"pages":[{"title":"about","date":"2021-01-17T07:11:53.795Z","updated":"2021-01-17T07:11:53.795Z","comments":false,"path":"about/index.html","permalink":"https://blog.slqwq.cn/about/index.html","excerpt":"","text":"@font-face{font-family:myfont;font-weight:700;src:url(https://cdn.jsdelivr.net/gh/sviptzk/xiaokang.me/www/myfont.ttf)} Hajeekn 🍀 个人简介 初中 现居住:🌏 保持一颗充满童趣的心♥ 🌌 博客简介 全站HTTPS 静态博客(Hexo) + 近完美主题(Butterfly) 博客中少部分图片收集于Network 侵删 ☁ 个人基本信息各账户主要情况:各账户GitHub状态:"},{"title":"VideoPlayer","date":"2020-09-20T11:58:24.000Z","updated":"2021-01-17T06:52:12.964Z","comments":false,"path":"VideoPlayer/index.html","permalink":"https://blog.slqwq.cn/VideoPlayer/index.html","excerpt":"","text":"$(document).ready(function () { if(location.href.indexOf(\"#reloaded\")==-1){ location.href=location.href+\"#reloaded\"; location.reload(); } }) 本页面仅作为视频播放器，此页面的所有资源均未去水印，所有内容归作者版权所有，播放器采用 DPlayer.js视频采用m3u8格式，采用Jsdelivr加速 当 前 正 播 放 来自[ 爱 奇 艺] 的 视 频 ! ! ! 视频地址:https://www.iqiyi.com/v_i4z49lkcp0.html $(function(){ const dp = new DPlayer({ container: document.getElementById('dplayer'), autoplay:!0,theme:\"#42b983\",loop:true,lang:\"zh-cn\",preload:\"auto\",volume:Number(\"0\"), video: { url: 'https://vdoplay.52msr.cn/go/playlist.m3u8', //自己的m3u8地址 type: 'hls', defaultQuality: 0, pic: 'https://pic5.iqiyipic.com/image/20210114/bc/4f/v_154295503_m_601_m2_260_360.jpg', //视频未播放前的封面 thumbnails: 'thumbnails.jpg', }, }); })"},{"title":"categories","date":"2020-05-12T08:38:20.000Z","updated":"2020-11-01T00:57:27.786Z","comments":true,"path":"categories/index.html","permalink":"https://blog.slqwq.cn/categories/index.html","excerpt":"","text":"目前鸣谢、隐私问题、合作般到这里啦~鸣谢：https://www.slblog.ga/网站鸣谢 隐私问题：https://www.slblog.ga/您的隐私问题 合作伙伴：https://www.slblog.ga/合作伙伴们 公益：https://www.slblog.ga/404 服务状态：https://status.ytuty-blog.ga/ 服务状态(新Beta)：https://cdn.slblog.ga/Service/"},{"title":"友情链接","date":"2020-05-17T15:43:50.000Z","updated":"2020-12-12T08:04:28.063Z","comments":false,"path":"link/index.html","permalink":"https://blog.slqwq.cn/link/index.html","excerpt":"","text":"$(document).ready(function () { if(location.href.indexOf(\"#reloaded\")==-1){ location.href=location.href+\"#reloaded\"; location.reload(); } }) new Friend({ el: '#friend1', owner: \"slqwq\", repo: 'Friends', labels: 'active', direction_sort: \"asc\", labelDescr: { Gitee友链: \"这是通过Gitee Issues添加的小伙伴们哦!\", 乐特大佬: \"这可是乐特大佬专属的哦!\", } }) 申请友链 申请须知 已使用HTTPS 无广告 转载文章需留原文 您的网站是学习/博客/日记的 如果您长时间没有更新文章/网站无法访问/取消本站链接本站将直接移除您的友链 个人信息 11234name: SL&#39;s Bloglink: https:&#x2F;&#x2F;blog.slqwq.cnavatar: https:&#x2F;&#x2F;cdn.slblog.ga&#x2F;pic&#x2F;logo.pngdescr: 梦中做梦,做了个白日梦申请方法:前往Gitee添加Issues，当管理员审核通过后方可显示但在这之前，请先确保您已添加本站友链！详细申请方法已记载到仓库的README.md，按照MD指示方可完成 过期的友链们 萌城·博客名称:萌城·博客 地址:https://men******qwq.com/过期的友链请尽快找我重新申请"},{"title":"Speak","date":"2020-08-09T22:38:04.000Z","updated":"2020-11-01T00:57:27.816Z","comments":false,"path":"time/index.html","permalink":"https://blog.slqwq.cn/time/index.html","excerpt":"","text":"$(document).ready(function () { if(location.href.indexOf(\"#reloaded\")==-1){ location.href=location.href+\"#reloaded\"; location.reload(); } }) *{box-sizing:border-box;outline:0;margin:0;padding:0}#loading-bar-wrapper{position:fixed;width:100px;top:8px;left:50%;transform:translateX(-50%);height:8px;border-radius:8px;z-index:99999;background:0 0}#loading-bar-wrapper.nprogress-custom-parent{background:var(--color-card);box-shadow:0 1px 2px 0 rgba(0,0,0,.1)}.loading-circle{display:none;height:100%;width:100%;position:fixed;top:0;left:0;z-index:999999;background-color:rgba(250,250,250,.9)}.loading-circle img{width:280px;height:210px;position:relative;top:45%;left:50%;margin-left:-140px;margin-top:-105px}#loader-circle{display:block;position:relative;left:50%;top:50%;width:150px;height:150px;margin:-75px 0 0 -75px;border-radius:50%;border:3px solid transparent;border-top-color:#ff5a5a;animation:spin 1s linear infinite}#loader-circle:before{content:\"\";position:absolute;top:5px;left:5px;right:5px;bottom:5px;border-radius:50%;border:3px solid transparent;border-top-color:#5af33f;animation:spin 3s linear infinite}#loader-circle:after{content:\"\";position:absolute;top:15px;left:15px;right:15px;bottom:15px;border-radius:50%;border:3px solid transparent;border-top-color:#6dc9ff;animation:spin 2s linear infinite}.fa-cog:before{content:\"\\f013\";color:#0ee4e4}.fuck{color:#0ee4e4} .hljs{display:block;overflow-x:auto;padding:.5em;background:#23241f}.hljs,.hljs-subst,.hljs-tag{color:#f8f8f2}.hljs-emphasis,.hljs-strong{color:#a8a8a2}.hljs-bullet,.hljs-link,.hljs-literal,.hljs-number,.hljs-quote,.hljs-regexp{color:#ae81ff}.hljs-code,.hljs-section,.hljs-selector-class,.hljs-title{color:#a6e22e}.hljs-strong{font-weight:700}.hljs-emphasis{font-style:italic}.hljs-attr,.hljs-keyword,.hljs-name,.hljs-selector-tag{color:#f92672}.hljs-attribute,.hljs-symbol{color:#66d9ef}.hljs-class .hljs-title,.hljs-params{color:#f8f8f2}.hljs-addition,.hljs-built_in,.hljs-builtin-name,.hljs-selector-attr,.hljs-selector-id,.hljs-selector-pseudo,.hljs-string,.hljs-template-variable,.hljs-type,.hljs-variable{color:#e6db74}.hljs-comment,.hljs-deletion,.hljs-meta{color:#75715e} 🍭 欢迎你的来访啊 🍭 这里是SL的speak页面啊 已经有位可爱的用户访问这个页面了呀~ 这个页面的访问量达到了欸! new Speak({ per_page: 5, owner: 'slqwq', repo: 'speak', defaultLabelName: 'Deafult', defaultLabelColor: '#ffc107', });"},{"title":"","date":"2020-11-01T00:57:27.816Z","updated":"2020-11-01T00:57:27.816Z","comments":true,"path":"time/tagpl.css","permalink":"https://blog.slqwq.cn/time/tagpl.css","excerpt":"","text":"div.tabs { display: block; position: relative; margin-top: 0.5rem; margin-bottom: 0.5rem; border-radius: 4px; background: var(--color-card); border: 1px solid rgba(68,68,68,0.2); font-size: 0.9375rem; } div.tabs .highlight, div.tabs p, div.tabs ul, div.tabs ol, div.tabs div.note, div.tabs details { margin-top: 0.5rem; margin-bottom: 0.5rem; } div.tabs ul.nav-tabs { display: -ms-flexbox; display: flex; overflow-x: auto; white-space: nowrap; -ms-flex-pack: start; justify-content: flex-start; margin: 0 !important; padding: 8px 8px 0 8px; background: var(--color-block); border-radius: 4px 4px 0 0; line-height: 1.5; } div.tabs ul.nav-tabs li.tab { list-style-type: none; margin-top: 0; margin-bottom: 0; } div.tabs ul.nav-tabs li.tab:last-child { padding-right: 16px; } div.tabs ul.nav-tabs li.tab a { display: block; cursor: pointer; border-radius: 4px 4px 0 0; padding: 8px; text-align: center; font-size: 0.875rem; line-height: inherit; font-weight: bold; color: var(--color-meta); border: 1px solid transparent; } div.tabs ul.nav-tabs li.tab a:hover { color: var(--color-p); } div.tabs ul.nav-tabs li.tab a i { pointer-events: none; } div.tabs ul.nav-tabs li.tab.active a { cursor: default; color: var(--color-p); background: #fff; border: 1px solid rgba(68,68,68,0.2); border-bottom: 1px solid var(--color-card); } div.tabs .tab-content { border-top: 1px solid rgba(68,68,68,0.2); margin-top: -1px; } div.tabs .tab-content .tab-pane { padding: 16px; } div.tabs .tab-content .tab-pane:not(.active) { display: none; } div.tabs .tab-content .tab-pane.active { display: block; } div.tabs .tab-content .tab-pane > p:first-child, div.tabs .tab-content .tab-pane > .tabs:first-child, div.tabs .tab-content .tab-pane > ul:first-child, div.tabs .tab-content .tab-pane > ol:first-child, div.tabs .tab-content .tab-pane > .highlight:first-child, div.tabs .tab-content .tab-pane > .note:first-child, div.tabs .tab-content .tab-pane > .fancybox:first-child { margin-top: 0; } div.tabs .tab-content .tab-pane > p:last-child, div.tabs .tab-content .tab-pane > .tabs:last-child, div.tabs .tab-content .tab-pane > ul:last-child, div.tabs .tab-content .tab-pane > ol:last-child, div.tabs .tab-content .tab-pane > .highlight:last-child, div.tabs .tab-content .tab-pane > .note:last-child, div.tabs .tab-content .tab-pane > .fancybox:last-child { margin-bottom: 0; } div.timenode { position: relative; } div.timenode:before, div.timenode:after { content: ''; z-index: 1; position: absolute; background: rgba(68,215,182,0.5); width: 2px; left: 7px; } div.timenode:before { top: 0px; height: 6px; } div.timenode:after { top: 26px; height: calc(100% - 26px); } div.timenode:last-child:after { height: calc(100% - 26px - 16px); border-bottom-left-radius: 2px; border-bottom-right-radius: 2px; } div.timenode .meta, div.timenode .body { max-width: calc(100% - 24px); } div.timenode .meta { position: relative; color: var(--color-meta); font-size: 0.875rem; line-height: 32px; height: 32px; } div.timenode .meta:before, div.timenode .meta:after { content: ''; position: absolute; top: 8px; z-index: 2; } div.timenode .meta:before { background: rgba(68,215,182,0.5); width: 16px; height: 16px; border-radius: 8px; } div.timenode .meta:after { background: #44d7b6; margin-left: 2px; margin-top: 2px; width: 12px; height: 12px; border-radius: 6px; transform: scale(0.5); transition: all 0.28s ease; -moz-transition: all 0.28s ease; -webkit-transition: all 0.28s ease; -o-transition: all 0.28s ease; } div.timenode .meta p { font-weight: bold; margin: 0 0 0 24px; } div.timenode .body { margin: 4px 0 16px 24px; padding: 16px; border-radius: 8px; background: var(--color-block); display: inline-block; } div.timenode .body:empty { display: none; } div.timenode .body p:first-child { margin-top: 0; } div.timenode .body p:last-child { margin-bottom: 0; } div.timenode .body .highlight { border: 1px solid #e4e4e4; } div.timenode:hover .meta { color: var(--color-text); } div.timenode:hover .meta:before { background: rgba(255,87,34,0.5); } div.timenode:hover .meta:after { background: #ff5722; transform: scale(1); }"},{"title":"update","date":"2020-05-15T10:02:18.000Z","updated":"2020-12-12T08:04:33.774Z","comments":true,"path":"update/index.html","permalink":"https://blog.slqwq.cn/update/index.html","excerpt":"","text":"更新: 2020/8/18 更换cdn.slblog.ga的节点提供商 2020/8/16 更换友链申请方式为添加Issues(只需博主审核，其他不用操作) 2020/8/8 关闭Pjax(与页脚养鱼不兼容) 移除Aplayer播放器 添加页脚养鱼 公告栏更变🤭 2020/8/1 更改Valine评论字体颜色 更改一些小细节 2020/7/18 升级主题为Pjax分支 添加Aplayer播放器 2020/6/29 删除音乐播放器 更新全局字体 使用Hexo-Neat压缩 关闭侧边栏的Discord功能 提高加载速度 即将废弃 cdn.slblog.ga 2020/6/8 新增文件CDN(每月15GB流量) 侧边栏新增访客信息 移除阿里云(大陆)CDN 2020/6/2 即将停止 www.slblog.ga 的访问 实验室新增音乐播放器功能 替换新的播放器 2020/6/1 更换新的域名(blog.slqwq.cn) 2020/5/23 新增阿里云CDN(大陆节点)(不带HTTPS) 2020/5/16 新增cdn.slblog.ga(带HTTPS)cdn 2020/5/15 CloudFlare出现回源故障，删除CloudFlare。"},{"title":"公告(单Page)","date":"2020-08-03T20:28:34.000Z","updated":"2020-12-12T08:03:45.030Z","comments":true,"path":"公告-单Page/index.html","permalink":"https://blog.slqwq.cn/%E5%85%AC%E5%91%8A-%E5%8D%95Page/index.html","excerpt":"","text":"请点击此处"},{"title":"合作伙伴们","date":"2020-04-06T21:11:11.000Z","updated":"2020-12-12T08:03:53.369Z","comments":true,"path":"合作伙伴们/index.html","permalink":"https://blog.slqwq.cn/%E5%90%88%E4%BD%9C%E4%BC%99%E4%BC%B4%E4%BB%AC/index.html","excerpt":"","text":"感谢进入这个页面 合作伙伴如下： 1.Jsdelivrhttps://www.jsdelivr.com/ 2.Meng Rong Jiang’s bloghttps://www.mrjblog.top/ 3.YF Cloud（暂时罢工）https://yum.136588.top/ 4.xiobb’s bloghttps://www.yfblog.ml/ 5.bmyjacks’s bloghttps://www.bmyjacks.cn/ 6.Freenomhttps://www.freenom.com/ 7.Codinghttps://www.coding.net/ 8.Githubhttps://www.github.com/ 9.CloudFlarehttps://www.cloudflare.com/ 10.Meng Cheng Jiang’s bloghttps://bili.bio/ 11.YF(xiobb)的域名分发(SSL无法配置)http://www.eivm.tk/ 申请方式:禁止申请 投诉方式:QQ:3356620252email:&#115;&#108;&#x61;&#x64;&#109;&#x69;&#110;&#64;&#115;&#x6c;&#119;&#101;&#98;&#116;&#97;&#112;&#46;&#x73;&#108;&#x62;&#x6c;&#x6f;&#103;&#x2e;&#103;&#x61;Google Mail:&#x62;&#108;&#97;&#99;&#x6b;&#111;&#117;&#116;&#51;&#51;&#53;&#54;&#x36;&#x40;&#103;&#x6d;&#x61;&#105;&#x6c;&#x2e;&#x63;&#x6f;&#x6d;"},{"title":"网站鸣谢","date":"2020-05-06T12:46:35.000Z","updated":"2020-11-01T00:57:27.820Z","comments":true,"path":"网站鸣谢/index.html","permalink":"https://blog.slqwq.cn/%E7%BD%91%E7%AB%99%E9%B8%A3%E8%B0%A2/index.html","excerpt":"","text":"博客鸣谢1.Bmyjacks(B站:bmyjacks)2.xiobb(B站:xiobb)3.MBRjun(B站:MBRjun)4.amemz(B站1:amemz_minecraft,B站2:amemz)5.Cnoim(B站:Cnoim)6.萌城酱(B站:1萌城酱,B站2:我是萌城酱)7.請吃宵夜(B站:請吃宵夜)8.GitHub Pages(https://pages.github.com/)9.Coding Pages(https://pages.coding.net.com/)10.Zeit.co(https://vercel.com/)11.Fast.io(https://Fast.io/)12.Jsdelivr(https://jsdelivr.com/)13.badgen(https://badgen.net/)14.Hexo(https://hexo.io/)15.Hexo-theme-Butterfly(1:https://github.com/jerryc127/hexo-theme-butterfly/,2:https://jerryc.me/）16.夕晴酱(QQ:3314307538)17.xiaoxu(QQ:2243016926) 在这里附上最真诚的感谢！"},{"title":"合作伙伴页面-Beta","date":"2020-04-04T08:07:08.000Z","updated":"2020-12-12T08:03:53.360Z","comments":true,"path":"合作伙伴们/betapages/index.html","permalink":"https://blog.slqwq.cn/%E5%90%88%E4%BD%9C%E4%BC%99%E4%BC%B4%E4%BB%AC/betapages/index.html","excerpt":"","text":"注意:本页面的合作伙伴随时更新。 1.Jsdelivrhttps://www.jsdelivr.com/ 2.Meng Rong Jiang’s bloghttps://www.mrjblog.top/ 3.YF Cloud（暂时罢工）https://yum.136588.top/ 4.xiobb’s bloghttps://www.yfblog.cf/ 5.bmyjacks’s bloghttps://www.bmyjacks.cn/ 6.Freenomhttps://www.freenom.com/ 7.Codinghttps://www.coding.net/ 8.Githubhttps://www.github.com/ 9.CloudFlarehttps://www.cloudflare.com/ 10.Meng Cheng Jiang’s blog(停机维护)https://bili.bio/ 11.YF(xiobb)的域名分发(SSL无法配置)http://www.eivm.tk/ 申请方式:禁止申请 投诉方式:QQ:3356620252email:&#115;&#108;&#97;&#x64;&#109;&#105;&#110;&#x40;&#115;&#x6c;&#x77;&#x65;&#x62;&#x74;&#97;&#x70;&#46;&#x73;&#108;&#98;&#x6c;&#x6f;&#x67;&#46;&#103;&#97;Google Mail:&#x62;&#x6c;&#x61;&#99;&#x6b;&#x6f;&#117;&#x74;&#51;&#51;&#53;&#x36;&#54;&#x40;&#x67;&#x6d;&#97;&#105;&#108;&#46;&#x63;&#x6f;&#x6d;"}],"posts":[{"title":"使用全新的评论系统————————————Waline","slug":"使用全新的评论系统————————————Waline","date":"2021-01-17T08:08:23.000Z","updated":"2021-01-17T00:55:28.433Z","comments":true,"path":"2021/posts/4a5e237/index.html","link":"","permalink":"https://blog.slqwq.cn/2021/posts/4a5e237/index.html","excerpt":"","text":"市面上有许多评论 Valine 来必力 畅言 等等评论系统 这篇文章我将教大家使用一款全新的评论————Waline Waline是基于Valine所衍生出来的评论 你可以将Waline等价为 With backend Valine 官网:https://waline.js.org/ 本篇文章将以Butterfly 3.5.1做演示 获取APP ID/KEY首先我们登录账号 https://console.leancloud.app/login?from=%2Fapps 没有的可以自己注册 登陆完成后我们创建一个应用 创建完成后进入设置 选择应用Keys 记好这三个重要ID 部署至Vercel 点击上方按钮跳转到Vercel部署 。未登录的话需要登录，这里选 Github 登录即可。登录后会让你输入 Vercel 项目名称。 输入名称后点击 Continue 进入下一步，输入 Github 仓库名称。Vercel 会基于 waline 模板帮助你新建并初始化该仓库。 仓库初始化完毕后开始准备部署到 Vercel。这里需要在 Environment Variables 初配置 LEAN_ID, LEAN_KEY 和 LEAN_MASTER_KEY 三个环境变量。它们的值分别对应上一步在 LeanCloud 中获得的 APP ID, APP KEY, Master Key。如果你是 LeanCloud 国内版用户的话，还需要输入 LEAN_SERVER 环境变量，对应的是你在上一步上绑定的已备案域名。 点击 Deploy 就会开始进行部署了。稍等片刻，就会看到满屏的烟花庆祝你部署成功了。点击 Visit 会跳转到部署好的网站地址上，该地址即为之后需要填入的 serverURL 地址。 配置实战接着我们进入Butterfly主题配置 找到waline配置项 在serverURL填入刚才的网站地址(记得带上https协议) 默认配置文件如下: 12345678# waline - A simple comment system with backend support fork from Valine# https://waline.js.org/waline: serverURL: # Waline server address url avatar: monsterid # gravatar style https://zh-tw.gravatar.com/site/implement/images/#default-image bg: /image/comment_bg.png # waline background emojiCDN: # emoji CDN option: 自定义表情如果你需要自定义表情，请在emojiCDN配置你的表情CDN 同时你需要在Hexo根目录下的source/_data/创建一个jsonwaline.json waline.json与valine.json的配置文件可共用 格式如下 1234567891011121314151617181920212223&#123; &quot;tv_doge&quot;: &quot;6ea59c827c414b4a2955fe79e0f6fd3dcd515e24.png&quot;,&quot;tv_親親&quot;: &quot;a8111ad55953ef5e3be3327ef94eb4a39d535d06.png&quot;,&quot;tv_偷笑&quot;: &quot;bb690d4107620f1c15cff29509db529a73aee261.png&quot;,&quot;tv_再見&quot;: &quot;180129b8ea851044ce71caf55cc8ce44bd4a4fc8.png&quot;,&quot;tv_冷漠&quot;: &quot;b9cbc755c2b3ee43be07ca13de84e5b699a3f101.png&quot;,&quot;tv_發怒&quot;: &quot;34ba3cd204d5b05fec70ce08fa9fa0dd612409ff.png&quot;,&quot;tv_發財&quot;: &quot;34db290afd2963723c6eb3c4560667db7253a21a.png&quot;,&quot;tv_可愛&quot;: &quot;9e55fd9b500ac4b96613539f1ce2f9499e314ed9.png&quot;,&quot;tv_吐血&quot;: &quot;09dd16a7aa59b77baa1155d47484409624470c77.png&quot;,&quot;tv_呆&quot;: &quot;fe1179ebaa191569b0d31cecafe7a2cd1c951c9d.png&quot;,&quot;tv_嘔吐&quot;: &quot;9f996894a39e282ccf5e66856af49483f81870f3.png&quot;,&quot;tv_困&quot;: &quot;241ee304e44c0af029adceb294399391e4737ef2.png&quot;,&quot;tv_壞笑&quot;: &quot;1f0b87f731a671079842116e0991c91c2c88645a.png&quot;,&quot;tv_大佬&quot;: &quot;093c1e2c490161aca397afc45573c877cdead616.png&quot;,&quot;tv_大哭&quot;: &quot;23269aeb35f99daee28dda129676f6e9ea87934f.png&quot;,&quot;tv_委屈&quot;: &quot;d04dba7b5465779e9755d2ab6f0a897b9b33bb77.png&quot;,&quot;tv_害羞&quot;: &quot;a37683fb5642fa3ddfc7f4e5525fd13e42a2bdb1.png&quot;,&quot;tv_尷尬&quot;: &quot;7cfa62dafc59798a3d3fb262d421eeeff166cfa4.png&quot;,&quot;tv_微笑&quot;: &quot;70dc5c7b56f93eb61bddba11e28fb1d18fddcd4c.png&quot;,&quot;tv_思考&quot;: &quot;90cf159733e558137ed20aa04d09964436f618a1.png&quot;,&quot;tv_驚嚇&quot;: &quot;0d15c7e2ee58e935adc6a7193ee042388adc22af.png&quot;&#125; ENDThanks For Youpie title 文章内容采集 &quot;Waline文档&quot; : 30.77 &quot;Butterfly文档&quot; : 40.56 &quot;自写&quot; : 28.67","categories":[{"name":"评论系统","slug":"评论系统","permalink":"https://blog.slqwq.cn/categories/%E8%AF%84%E8%AE%BA%E7%B3%BB%E7%BB%9F/"}],"tags":[{"name":"简约、大气","slug":"简约、大气","permalink":"https://blog.slqwq.cn/tags/%E7%AE%80%E7%BA%A6%E3%80%81%E5%A4%A7%E6%B0%94/"}]},{"title":"使用'Colour-Buttons'CSS","slug":"使用-Colour-Buttons-CSS","date":"2021-01-15T19:39:13.000Z","updated":"2021-01-15T12:13:40.331Z","comments":true,"path":"2021/posts/26b85026/index.html","link":"","permalink":"https://blog.slqwq.cn/2021/posts/26b85026/index.html","excerpt":"","text":"Color-buttons是博主(Hajeekn)从Butterfly主题搬并独立出来的一个按钮样式 并且我还对他的颜色多样化了，今天教大家如何使用这个东西。 进入Color-Buttons仓库 您可以选择克隆仓库后手动构建/直接使用我们构建好的样式文件 已经构建好的文件:https://cdn.jsdelivr.net/npm/color-buttons/dist/colormin.css 今天我们以手动构建来演示 1.克隆仓库克隆指令: 1git clone https://github.com/glahajeekn/Color-Buttons.git &amp;&amp; cd Color-Buttons 克隆完成后有这些文件 在终端输入 1npm i 或者 1cnpm i 补全依赖(其实也就几个) 2.构建文件在终端输入 1npm run build 构建出CSS文件 构建完成后进入dist文件夹内部 就可以看到生成好的文件 你现在就可以用它生成漂亮按钮了 class名都在这 Thanks For You","categories":[],"tags":[]},{"title":"使用 You-get 下载 YouTube 的视频","slug":"使用-You-get-下载-YouTube-的视频","date":"2020-12-26T10:01:28.000Z","updated":"2020-12-26T12:36:36.046Z","comments":true,"path":"2020/posts/b6b199d4/index.html","link":"","permalink":"https://blog.slqwq.cn/2020/posts/b6b199d4/index.html","excerpt":"","text":"注:本篇涉及到Python和Terminal! 现在大部分视频网站都使用HTML5播放器 这也使原来可以轻易下载视频的方法失效 因为我们使用F12查看后发现地址变成了blob 这是我们很难进行下载，下载后获取的文件大部分都为m3u8，根本无法进行解析，于是本文章将教大家使用GitHub开源项目:You-get下载视频 (本篇使用YouTube示例) INSTALL PYTHON首先进入Python官网下载Python最新版 (本篇写于:2020/12/26最新版本为Python 3.9.1) 点击此按钮进行下载 下载后执行下载的文件就可以开始安装了 安装完成后就可进入下一步 更换PIP源官方默认pip源较慢，于是我们可以将他更改为国内pip源 进入C:\\Users%username% 在目录下创建一个名为pip的文件夹 pip文件夹内部新建pip.ini 文件内写入以下代码 12[global]index-url = https://pypi.tuna.tsinghua.edu.cn/simple 接着以管理员身份打开终端 执行 1pip install you-get 安装you-get包 安装完后使用 1you-get 查看是否安装成功 安装成功后就可进入下一步 下载视频测试这里我们去YouTube上找一个视频 这里以4K为例 我们在终端执行以下指令 1you-get https://www.youtube.com/watch?v=zBKei6Ji_WI 不过可能会半天出不来，这是因为you-get(python)无法直接被网页代理软件进行代理(如:SSR/V2Ray/SS/Torjan) 如报错图 这时候就要使用Proxy options(高级参数) 我们对指令进行一下修改 修改后如下: 1you-get https://www.youtube.com/watch?v=zBKei6Ji_WI -x 127.0.0.1:10809 成功开始下载 附文点这里下载Python(蓝奏云)","categories":[{"name":"Python","slug":"Python","permalink":"https://blog.slqwq.cn/categories/Python/"}],"tags":[{"name":"Python","slug":"Python","permalink":"https://blog.slqwq.cn/tags/Python/"},{"name":"Terminal","slug":"Terminal","permalink":"https://blog.slqwq.cn/tags/Terminal/"}]},{"title":"使用Vercel搭建一个静态网站","slug":"使用Vercel搭建一个静态网站","date":"2020-12-11T21:53:28.000Z","updated":"2020-12-12T10:09:55.773Z","comments":true,"path":"2020/posts/98e384e2/index.html","link":"","permalink":"https://blog.slqwq.cn/2020/posts/98e384e2/index.html","excerpt":"","text":"提供免费搭建网站的服务有很多，像热铁盒主机、Coding Pages、GitHub Pages······Vercel也是其中之一，今天教大家使用Vercel搭建一个静态网站。 登录账号前往Vercel官网 点击Login按钮 点击后会跳转至这个页面 授权服务选择一个你有的账号 按钮1.连接到GitHub 按钮2.连接到GitLab 按钮3.连接到Bitbucket 如果你都没有就可以点击下面的Don’t have an account? Sign Up(没有一个账号?注册) 这里用GitHub来演示 登录完成后会跳转到仪表盘 这时候我们先回到GitHub，我们先创建一个仓库放入测试html 导入项目接着我们复制刚创建的仓库的git地址 进入这个页面的时候注意，由于我们的仓库里放了一个html，所以这里不要做任何设置直接点击蓝色的Deploy按钮 出现这个页面就代表你的网页成功部署了 我们点击Visit按钮去测试一下 成功! 这样就可以搭建一个简单的静态网站了。 对于Hexo你可以直接放源码上去，然后配置构建命令，不过这个内容不属于本文范围之类，所以就不讲了。 Thanks For You","categories":[{"name":"Vercel","slug":"Vercel","permalink":"https://blog.slqwq.cn/categories/Vercel/"}],"tags":[{"name":"网站","slug":"网站","permalink":"https://blog.slqwq.cn/tags/%E7%BD%91%E7%AB%99/"},{"name":"Free","slug":"Free","permalink":"https://blog.slqwq.cn/tags/Free/"}]},{"title":"获取JOOX的音乐地址","slug":"获取JOOX的音乐地址","date":"2020-11-27T20:00:46.000Z","updated":"2020-12-12T08:02:42.244Z","comments":true,"path":"2020/posts/ebef73e2/index.html","link":"","permalink":"https://blog.slqwq.cn/2020/posts/ebef73e2/index.html","excerpt":"","text":"Joox相信很多人都熟悉，它是腾讯音乐的国外版本，可以免费听大部分国内要VIP的歌(包括单独付费的歌曲) 今天我来教大家如何获取他的音乐地址 进入官网首先我们进入官网: 点击进入 看到的应该是这样的场景，如果右上角没出现Log in就请参照CCKNBC大佬的教程配置 搜索歌曲在Search Songs处搜索歌曲，这里以周杰伦的Mojiti为例 在此页面的时候按下F12 F12切换到Network 看好这里 点击Play的时候看有没有新的请求 一般都会请求失败，因为API被墙了 取得API地址我们把鼠标移到这两个新增的请求上面 找到以 https://api-jooxtt.sanook.com 开头的地址，将他复制下来 在新窗口打开 接着只需要找到play_url_list将他打开即可 End本文结束","categories":[{"name":"干货","slug":"干货","permalink":"https://blog.slqwq.cn/categories/%E5%B9%B2%E8%B4%A7/"}],"tags":[{"name":"干货","slug":"干货","permalink":"https://blog.slqwq.cn/tags/%E5%B9%B2%E8%B4%A7/"}]},{"title":"用Jsdelivr存储视频","slug":"用Jsdelivr存储视频","date":"2020-11-01T10:35:57.000Z","updated":"2020-12-12T08:02:42.239Z","comments":true,"path":"2020/posts/e2973985/index.html","link":"","permalink":"https://blog.slqwq.cn/2020/posts/e2973985/index.html","excerpt":"","text":"众所周知，Jsdelivr是个免费、开源的CDN，你可以在上面存储小于20MB的文件 那么视频也可以?当然，但是Jsdelivr对于音视频的解码不太好，在PC上打开直接成为一段音轨。 不过我们可以采用M3U8的方式进行视频存储 接下来就开始教程 视频切片申明一下，这不是简单的切片，这个切片利用了HLS技术: HLS 的工作原理是把整个流分成一个个小的基于 HTTP 的文件来下载，每次只下载一些。当媒体流正在播放时，客户端可以选择从许多不同的备用源中以不同的速率下载同样的资源，允许流媒体会话适应不同的数据速率。在开始一个流媒体会话时，客户端会下载一个包含元数据的 extended M3U (m3u8) playlist文件，用于寻找可用的媒体流。HLS 只请求基本的 HTTP 报文，与实时传输协议（RTP）不同，HLS 可以穿过任何允许 HTTP 数据通过的防火墙或者代理服务器。它也很容易使用内容分发网络来传输媒体流。 在我们的需求中，可以简单地把视频的地址理解为playlist的地址，而playlist就是我们单个视频片段的索引，把较大的视频给宅分就可以绕过存储单件大小限制，同时也符合jsdelivr丢资源的要求，这样就可以用GitHub+Jsdelivr做视频床了。 咋实现呢? 获取重要工具-ffmpeg Get ffmpeg 下载后可以看到有三个exe 仅需脱出ffmpeg.exe即可 接着打开终端 输入 1./ffmpeg.exe 就会弹出ffmpeg的参数 说明你弄正确了，但你觉得太麻烦的话可以自行百度添加环境变量 开始切片 视频转为ts格式，一对一，转换后大小没变化 1./ffmpeg.exe -y -i 视频.mp4 -vcodec copy -acodec copy -vbsf h264_mp4toannexb 视频.ts 将ts进行分片，每5秒为一片 1./ffmpeg.exe -i 视频.ts -c copy -map 0 -f segment -segment_list playlist.m3u8 -segment_time 5 视频%03d.ts 分片完成后可以看到多了一些ts 之后我们删除你的原视频和原视频转换的ts 使用DPlayer播放器解析 注:这不是单纯的分片，如果你不信就可以自己打开看看，是乱码。 当然直接试图访问m3u8也是不行的，我们需要用hls.js: hls.js 是一款基于 Media Source Extensions 开发的，用于实现 HTTP Live Streaming 开源JavaScript类库。它可以实现将MPEG-2 和 AAC/MP3码流变成自制的 MP4的分片。并且可以直接绑定在Video 上，实现播放。 我们使用DPlayer播放器，只用在DPlayer前引入hls.js就可以了 123456&lt;div id=&quot;dplayer&quot; class=&quot;dplayer-video dplayer dplayer-no-danmaku dplayer-paused&quot;&gt;&lt;/div&gt;&lt;script src=&quot;https://cdn.jsdelivr.net/npm/jquery&quot;&gt;&lt;/script&gt;&lt;script src=&quot;https://cdn.jsdelivr.net/npm/hls.js&quot;&gt;&lt;/script&gt;&lt;script src=&quot;https://cdn.jsdelivr.net/gh/MoePlayer/DPlayer@master/dist/DPlayer.min.js&quot;&gt;&lt;/script&gt; 引入后我们需要对他进行初始化 12345678910111213 $(function()&#123; const dp = new DPlayer(&#123; container: document.getElementById(&#x27;dplayer&#x27;), autoplay:!0,theme:&quot;#42b983&quot;,loop:true,lang:&quot;zh-cn&quot;,preload:&quot;auto&quot;,volume:Number(&quot;0&quot;), video: &#123; url: &#x27;https://cdn.jsdelivr.net/gh/glahajeekn/vdts@master/go/playlist.m3u8&#x27;, //自己的m3u8地址 type: &#x27;hls&#x27;, defaultQuality: 0, pic: &#x27;https://i2.hdslb.com/bfs/archive/37785c661455874fe424a6731a9c6b82e31cef7a.jpg&#x27;, //视频未播放前的封面 thumbnails: &#x27;thumbnails.jpg&#x27;, &#125;, &#125;);&#125;) 初始化完成后就可以用了 效果可以查看我的VideoPlayer","categories":[{"name":"干货","slug":"干货","permalink":"https://blog.slqwq.cn/categories/%E5%B9%B2%E8%B4%A7/"}],"tags":[{"name":"Jsdelivr","slug":"Jsdelivr","permalink":"https://blog.slqwq.cn/tags/Jsdelivr/"}]},{"title":"如何使用在线工具 - Photopea","slug":"如何使用在线工具-Photopea","date":"2020-10-02T17:24:42.000Z","updated":"2020-12-12T08:02:42.221Z","comments":true,"path":"2020/posts/c9f23913/index.html","link":"","permalink":"https://blog.slqwq.cn/2020/posts/c9f23913/index.html","excerpt":"","text":"众所周知，Adobe全家桶的”PS”是处理图片不可缺少的一款工具可稍不注意就会无响应警告 不过国外有一位大神开发出了在线版本的”PS”，并且将”PS”的大部分功能都给还原了 这是由Ivan Kuckir大神开发的Photopea 我们首先打开这个网站 点击新建项目，当然也可以从电脑打开 接下来它会让我们选择项目大小和模板之类的 这里可以直接不选择模板直接选择大小，然后填写一下名字就创建 进入项目后可以看到这样的界面 接下来我演示怎么做一个简单的Logo 首先点击左边工具栏的”T”(文字工具) 接着在上方会出现 这里我们可以自己调节字体、文字大小、文字颜色等 这里我选的是Hanalei Fill字体 大小我调节的是499px 然后写入自己想要的文字 写入完成后是这个样子的 接下来我们贴个图 去iconfont找个好康的图标，下载下来png 下载下来PNG后将这个图片拖进Photopea 然后调好大小就完成了 接着点击文件-另存为PSD 保存这个工程文件，方便下次修改 然后点击 然后就可以下载下来Logo了 顺便这个网站还提供SVG下载哦 总结:齐全的功能，多语言支持，佩服作者👍","categories":[{"name":"实用工具","slug":"实用工具","permalink":"https://blog.slqwq.cn/categories/%E5%AE%9E%E7%94%A8%E5%B7%A5%E5%85%B7/"},{"name":"在线工具","slug":"实用工具/在线工具","permalink":"https://blog.slqwq.cn/categories/%E5%AE%9E%E7%94%A8%E5%B7%A5%E5%85%B7/%E5%9C%A8%E7%BA%BF%E5%B7%A5%E5%85%B7/"}],"tags":[{"name":"实用工具","slug":"实用工具","permalink":"https://blog.slqwq.cn/tags/%E5%AE%9E%E7%94%A8%E5%B7%A5%E5%85%B7/"}]},{"title":"推荐一些实用工具","slug":"推荐一些实用工具","date":"2020-08-28T10:09:19.000Z","updated":"2020-12-12T08:02:42.234Z","comments":true,"path":"2020/posts/c5ef192c/index.html","link":"","permalink":"https://blog.slqwq.cn/2020/posts/c5ef192c/index.html","excerpt":"","text":"RaiDrive官网:https://www.raidrive.com/download 这款软件可以帮你把NAS、OneDrive、Google Drive等网盘映射到本地，目前博主正在用，非常好评! IDM官网:http://www.internetdownloadmanager.com/ 这是一款多线程下载器，最高支持32线程 下载速度杠杠滴! Typora官网:https://www.typora.io/ 一款MarkDown写作工具，支持自定义主题 也支持使用CSS自构建一款心爱的主题 ScreenToGif官网:https://www.screentogif.com/ GitHub:https://github.com/NickeManarin/ScreenToGif 可以录制高帧率的GIF OBS官网:https://obsproject.com/ 主播都在用的推流/录制软件，支持自定义推流服务器 也可以使用内置的 落雪音乐GitHub:https://github.com/lyswhut/lx-music-desktop 支持酷我、酷狗、企鹅、网易等音乐平台的歌曲搜索 还支持显示歌词、下载歌词、收藏等操作 火绒官网:https://www.huorong.cn/ 一款安全软件，不流氓，清爽 并且还包含各种小工具 如:漏洞修复、系统修复、弹窗拦截、右键管理 BlockbenchGitHub:https://github.com/JannisX11/blockbench 一款模型制作工具 支持制作著名游戏Minecraft的模型和制作其它引擎的模型 SSTap-beta官网:https://www.sockscap64.com/sstap-homepage-chinese-traditional/ 可以创建一个全局环境，代理CS:GO等游戏 玩过游戏的基本都用过这款软件的吧 Google Chrome官网:https://google.cn/chrome 由谷歌团队开发的一款浏览器 因为其清爽简洁的UI和琳琅满目的扩展支持让他成为大众的不二之选 缺点: CPU/内存占用超大 SocksCap官网:https://www.sockscap64.com/homepage/ 这款软件允许你把不支持网页代理的应用(例如OBS Studio)的数据流转发到网页代理，使得可以支持网页代理。 网页代理，又称为在线代理或线上代理**。网页代理是一种在网页上运行的代理服务器程序，其不用任何设置，有输入网址选择好代理服务器便可以访问的优点。 网页代理是常见的一种代理程序。网页代理给客户端提供远程网站上的网页和文件的高速缓存，使客户端可以更加快速安全的浏览远程网站。一些网页代理网站保持每天更新以保证速度。 网页代理软件: ShadowsocksR Shadowsocks Trojan V2Ray 以上列举的常用的软件 他们都有一个共同的特点 无法代理OBS推流，那是因为OBS不支持网页代理，需要使用一些软件来转换数据流","categories":[{"name":"实用工具","slug":"实用工具","permalink":"https://blog.slqwq.cn/categories/%E5%AE%9E%E7%94%A8%E5%B7%A5%E5%85%B7/"}],"tags":[{"name":"干货","slug":"干货","permalink":"https://blog.slqwq.cn/tags/%E5%B9%B2%E8%B4%A7/"}]},{"title":"想写一个Button?看这里","slug":"想写一个Button-看这里","date":"2020-08-24T20:47:02.000Z","updated":"2020-12-12T08:02:42.232Z","comments":true,"path":"2020/posts/5b931a80/index.html","link":"","permalink":"https://blog.slqwq.cn/2020/posts/5b931a80/index.html","excerpt":"","text":"想写一个Button但是不会CSS和动画效果?这期水货干货满满不知道什么是Button? 这是Button 这也算Button 这边就拿我的个人主页的↗ Go Blog为例子 首先我们在本地创建一个HTML和CSS 类似这样 然后我们右键HTML 打开后按照你写一个页面的格式 写一个简单的空壳页面 我这边是这样写的: 12345678910&lt;!DOCTYPE HTML&gt;&lt;!-- Start --!&gt;&lt;html&gt;&lt;head&gt;&lt;link rel=&quot;stylesheet&quot; type=&quot;text/css&quot; href=&quot;./bt.css&quot;&gt;&lt;/head&gt;&lt;body&gt;&lt;p&gt;I&#x27;m Body&lt;/p&gt;&lt;/body&gt;&lt;/html&gt; 写完后我们首先在Body部分写一个自定义样式的超链接 1&lt;a class=&quot;btn&quot; href=&quot;https://blog.slqwq.cn&quot; target=&quot;_blank&quot; rel=&quot;external nofollow noopener noreferrer&quot; one-link-mark=&quot;yes&quot;&gt;&lt;span&gt;&amp;nbsp;&amp;nbsp; ↗&amp;nbsp;Go Blog &amp;nbsp;&amp;nbsp;&lt;/span&gt;&lt;/a&gt; 然后我们打开css 在里面写入: 123 #btns .btn &#123;&#125; 这样一个基本CSS框架就好了 然后我们就可以开始写CSS部分了 先写入 1padding: 0; 使填充为0 再写入 1font-size: 100%; 使字体尺码为100% 然后写入 1position: relative; 生成相对定位的元素，相对于其正常位置进行定位。 接着写入 1z-index: 1; 设置元素的堆叠顺序。拥有更高堆叠顺序的元素总是会处于堆叠顺序较低的元素的前面 之后写入 1align-items: center; 定义flex子项在flex容器的当前行的侧轴(纵轴)方向上的对齐方式 最后写入 1border-radius: 50%; 给div元素添加方形的边框 这时候显示出来还是这种状态 然后咱们再写入 12345678910111213141516border: 4px solid hsla(0,0%,100%,.7);0,0,0,.08), 0 3px 8px rgba(0,0,0,.06): ;border: none;box-shadow: 0 14px 38px #2196f300, 0 3px 8px #2196f300;background-color: #2196F3;-webkit-transition: all .3s ease-out;transition: all .3s ease-out;margin: 0 30px;width: 54px;height: 54px;min-width: 54px;min-height: 54px;border-radius: 0px;line-height: 4.3rem;font-size: 20px;color: #eff; 定义背景颜色之类的 然后就成了这个亚子 这时候已经半成了 我们只需要再去掉下划线，调调大小之类的就行了，所以就写入 1text-decoration:none; 这就是去掉下划线后的样子，然后我们需要添加鼠标移动效果 123456789101112131415161718.btn:hover &#123; background-color: #ff7242; -webkit-transition-timing-function: cubic-bezier(0.45, 1.64, 0.47, 0.66); -moz-transition-timing-function: cubic-bezier(0.45, 1.64, 0.47, 0.66); -o-transition-timing-function: cubic-bezier(0.45, 1.64, 0.47, 0.66); -ms-transition-timing-function: cubic-bezier(0.45, 1.64, 0.47, 0.66); transition-timing-function: cubic-bezier(0.45, 1.64, 0.47, 0.66); -webkit-transform: scaleX(1); -moz-transform: scaleX(1); -o-transform: scaleX(1); -ms-transform: scaleX(1); transform: scaleX(1); -webkit-transition: all 1s ease-in-out; -moz-transition: all 1s ease-in-out; -o-transition: all 1s ease-in-out; -ms-transition: all 1s ease-in-out; transition: all 1s ease-in-out; &#125; 然后就可以达到鼠标移上去变色的效果 接着咋们在修改亿点地方 最终成品 文章水完了，溜了溜了","categories":[{"name":"干货","slug":"干货","permalink":"https://blog.slqwq.cn/categories/%E5%B9%B2%E8%B4%A7/"}],"tags":[{"name":"CSS","slug":"CSS","permalink":"https://blog.slqwq.cn/tags/CSS/"},{"name":"HTML","slug":"HTML","permalink":"https://blog.slqwq.cn/tags/HTML/"}]},{"title":"使用Travis CI持续集成工具自动化部署Hexo","slug":"使用Travis-CI持续集成工具自动化部署Hexo","date":"2020-08-19T16:02:36.000Z","updated":"2020-12-12T08:02:42.198Z","comments":true,"path":"2020/posts/9ed5997f/index.html","link":"","permalink":"https://blog.slqwq.cn/2020/posts/9ed5997f/index.html","excerpt":"","text":"众所周知，Hexo是一款免费开源的静态博客生成工具，使用它可以快速生成一个博客。但随着文章之类的东西增加，生成的速度也会逐渐变慢，如果你配置不够，那搞不好就要几小时才能生成，并且还有一个好处: 即走即编辑，就算你是手机也可以在线编辑文件，免去配置环境。 所以今天我教大家如何使用持续集成工具—-Travis CI来部署Hexo 创建仓库我们首先打开GitHub 选择 仓库名称可以随意 但是一定要选择Private，不然你的博客源码就会被别人看到，到时候使用Token提交的各位小伙伴的仓库就不保喽 创建完成后复制你的仓库克隆地址 在Hexo根目录下打开终端 输入 1git add travis 复制的仓库克隆地址 创建Travis CI配置接着去创建一个文件:”.travis.yml” 里面输入 123456789101112131415161718192021222324252627282930language: node_jsnode_js: stablesudo: required# Travis-CI Cachingcache: directories: - node_modules# S: Build Lifecycleinstall: - npm installscript: - hexo clean &amp;&amp; hexo g - cd ./public - git init - git config user.name &quot;NAME&quot; - git config user.email &quot;EMAIL&quot; - git add . - git commit -m &quot;Update&quot; - git push --force --quiet &quot;XXX&quot; master:master - git push --force --quiet &quot;XXX&quot; master:master# after_script:branches: only: - master 其中NAME改为git用户名 EMAIL改为邮箱 XXX改为GitHub/Coding的部署地址(Token)(下文会讲到) 配置GitHub Token写完之后去GitHub创建一个Token 权限直接全选 然后把你Hexo配置GitHub的SSH/HTTPS部署地址改为 1https:&#x2F;&#x2F;你的token@github.com&#x2F;用户名&#x2F;仓库.git 配置Coding Token(有就使用，没有就不使用)进入Coding企业 右上角找到个人账户设置 进入访问令牌设置 新建令牌 权限依然全选 选择完后将你Hexo的codingSSH/HTTPS部署地址改为 1https:&#x2F;&#x2F;username:password@e.coding.net&#x2F;用户名&#x2F;仓库名.git 注册Travis首先我们要打开Travis官网 然后注册一个账户 注册完成后会跳转到仪表盘 我们点击那个小加号 找到从跳转的页面找到我们刚才创建的仓库 可以看到没有构建接下来我们 在终端内输入 123git add --allgit commit -m &quot;这里随便&quot;git push -u travis master -f 提交完成后就刷新看看你的Travis吧","categories":[],"tags":[]},{"title":"搭建Hexo","slug":"搭建Hexo","date":"2020-08-19T15:29:37.000Z","updated":"2020-12-12T08:02:42.237Z","comments":true,"path":"2020/posts/731e29be/index.html","link":"","permalink":"https://blog.slqwq.cn/2020/posts/731e29be/index.html","excerpt":"","text":"本期教大家如何搭建Hexo 首先需要准备的东西如下: 1.电脑 2.手 3.脑袋 好了没了 安装Node.js由于Hexo这款博客程序是基于Node.js所构建的，所以我们需要下载Node.js 打开Node.js官网 选择下载稳定版（LTS):12.18.3 下载并安装完成后验证是否安装好了的方法 打开终端 输入node -v和npm -v 如果出现版本号v….就说明安装成功 安装Git使用Hexo呢Git也是必不可少的 打开Git官网 点击Donload 2.28.0 for Windows即可进行下载 但由于是使用GitHub的release进行下载所以速度较慢 国内用户可以使用:淘宝镜像源进行下载，最新版本需要翻到最底下进行下载 安装好后在桌面单击右键，如果右键菜单出现 Git Bash Here的字眼则代表安装成功 安装Hexo新建一个文件夹，在里面右键 选择Git Bash Here打开Git终端 输入 1npm install hexo-cli -g 安装Hexo-cli 安装好后输入 1hexo init 来初始化Hexo，此步骤会从GitHub下载Hexo的主题、依赖文件所以时间会比较久，请耐心等待哦o(￣▽￣)ブ如果你有条件就科学上网吧~ 当提示INFO Start blogging with Hexo!时就安装完成了 查看安装的文件夹 发现有这些文件／文件夹： node_modules scaffolds source themes .gitignore _config.yml package.json package-lock.json 其中node_modules是你安装的插件存放位置，删掉了必须重新npm i scaffolds是你博客的模板存储位置，page.md就是创建page时使用什么模板以此类推就行 source是用来存放博客资源的，一般都是随手扔文件进去就行 .gitignore目前用不到(除了使用GitHub actions等持续集成部署博客的) _config.yml用来存放Hexo配置 package.json顾名思义，就是你安装的插件名称和版本都会被存储在里面 其中我们要用到的是themes、_config.yml 安装主题首先我们去Hexo官方主题网站找一个好看的主题 这边用Butterfly为例 点击它的图片进去看看效果 个人觉得还行,目前我正在用,体验也非常好 这款主题的GitHub仓库为https://github.com/jerryc127/hexo-theme-butterfly 进入后在README.md中有2种安装方法 1.使用普通安装方法(git clone) 2.使用NPM安装(npm install hexo-theme-butterfly) 这边用GIT做演示 复制指令 在终端内部粘贴并回车 安装完成后根据GitHub仓库的README.md提示还需要安装pug&amp;stylus渲染器 指令如下: 1npm install hexo-renderer-pug hexo-renderer-stylus 安装依赖完成后我们打开_config.yml 找到theme: 把它改为Butterfly 保存文件,然后在终端执行 1hexo s 打开Hexo的本地预览工具看看效果 默认的打开地址是:http://localhost4000 用户可通过hexo s -p 来指定访问端口 比如2000 1080 8081等 更改名称Hexo安装完成后默认的名称为Hexo，那么如何更改呢 首先打开_config.yml 找到”# Site” 更改title subtitle description keywords author title更改为您的博客名字 subtitle更改为你的介绍 keywords更改为你想要的关键字 author更改为你自己的名字 部署到服务器一切准备完成后就可以部署了 这边演示Coding部署 双部署也一样 首先打开Coding官网 如果没有账号就点击免费注册 注册完成进入你的企业 选择创建项目 项目模板使用DevOps 名称可以随意 例如:👴的博客等 这边用👴的博客示范 启用README.md初始化可以随意 公开源代码可以自选 配置完后点击完成创建 接下来进入持续部署-静态网站 进行实名认证 认证完成后点击立即发布静态网站 网站名称依旧随便填写 其他配置不要动 点击完成创建 这时候出现这个页面 选择设置 下滑找到自定义域名 复制用以代替xxxx.coding-pages.com作为网站的访问地址的xxxx.coding-pages.com 然后打开DNS解析商 这边使用dns.la 新建一个解析 解析设置: 其中主机记录可以自行设置 比如www test cna等 如果要直接用域名访问主机记录留空 做好解析之后回到Coding页面 添加刚才的域名 这边使用test.slqwq.cn做示范 这时候会出现这样的样子 这是在生成证书 证书状态变为正常后推荐打开强制HTTPS 这些做完后打开_config.yml找到deploy配置 里面这样填写 1234deploy: type: git repo: https://e.coding.net/企业名/项目名/仓库名.git branch: master 填写完后在终端内输入 1npm install hexo-deployer-git --save 安装Hexo-Deployer-Git 安装完后就可以使用 1hexo clean &amp;&amp; hexo d -g 部署了 End结束了~ 感谢您的观看 更多进阶功能可前往Hexo文档和Butterfly主题文档查看","categories":[],"tags":[]},{"title":"关于3.0.0RC2版本Valine魔改出博主、访客、小伙伴的教程","slug":"关于3-0-0RC2版本Valine魔改出博主、访客、小伙伴的教程","date":"2020-08-04T15:41:39.000Z","updated":"2020-12-12T08:02:42.212Z","comments":true,"path":"2020/posts/8f68d635/index.html","link":"","permalink":"https://blog.slqwq.cn/2020/posts/8f68d635/index.html","excerpt":"","text":"关于Butterfly最新的3.0.0RC2版本如何魔改出博主、访客、小伙伴的教程 首先我们进行对比 发现3.0.0RC的Valine.pug与其他版本的结构不相同 其它版: 1234567891011121314151617181920212223242526272829303132333435363738394041424344454647484950- let emojiMaps &#x3D; &#39;&quot;&quot;&#39;if site.data.valine - emojiMaps &#x3D; JSON.stringify(site.data.valine)script. function loadvaline () &#123; function requestSetting (from, set) &#123; var from &#x3D; from var setting &#x3D; set.split(&#39;,&#39;).filter(function(item)&#123; return from.indexOf(item) &gt; -1 &#125;); setting &#x3D; setting.length &#x3D;&#x3D; 0 ? from :setting; return setting &#125; var guestInfo &#x3D; requestSetting([&#39;nick&#39;,&#39;mail&#39;,&#39;link&#39;],&#39;#&#123; theme.valine.guest_info &#125;&#39;) var requiredFields &#x3D; requestSetting([&#39;nick&#39;,&#39;mail&#39;],&#39;#&#123; theme.valine.requiredFields &#125;&#39;) function initValine () &#123; window.valine &#x3D; new Valine(&#123; el:&#39;#vcomment&#39;, appId: &#39;#&#123;theme.valine.appId&#125;&#39;, appKey: &#39;#&#123;theme.valine.appKey&#125;&#39;, path: window.location.pathname, placeholder: &#39;#&#123;theme.valine.placeholder&#125;&#39;, avatar: &#39;#&#123;theme.valine.avatar&#125;&#39;, meta: guestInfo, pageSize: &#39;#&#123;theme.valine.pageSize&#125;&#39;, lang: &#39;#&#123;theme.valine.lang&#125;&#39;, recordIP: #&#123;theme.valine.recordIP&#125;, serverURLs: &#39;#&#123;theme.valine.serverURLs&#125;&#39;, emojiCDN: &#39;#&#123;theme.valine.emojiCDN&#125;&#39;, emojiMaps: !&#123;emojiMaps&#125;, enableQQ: #&#123;theme.valine.enableQQ&#125;, requiredFields: requiredFields, &#125;); &#125; if (typeof window.valine &#x3D;&#x3D;&#x3D;&#39;object&#39;) initValine() else $.getScript(&#39;!&#123;url_for(theme.CDN.valine)&#125;&#39;, initValine) &#125; if (&#39;!&#123;defaultComment&#125;&#39; &#x3D;&#x3D;&#x3D; &#39;Valine&#39; || !&#123;theme.comments.load_begin&#125;) &#123; loadvaline() &#125; else &#123; function loadOtherComment () &#123; loadvaline() &#125; &#125; RC2版: 1234567891011121314151617181920212223242526272829303132333435363738- let emojiMaps &#x3D; &#39;&quot;&quot;&#39;if site.data.valine - emojiMaps &#x3D; JSON.stringify(site.data.valine)script. function loadValine () &#123; function initValine () &#123; window.valine &#x3D; new Valine(&#123; el: &#39;#vcomment&#39;, appId: &#39;#&#123;theme.valine.appId&#125;&#39;, appKey: &#39;#&#123;theme.valine.appKey&#125;&#39;, placeholder: &#39;#&#123;theme.valine.placeholder&#125;&#39;, avatar: &#39;#&#123;theme.valine.avatar&#125;&#39;, meta: &#39;#&#123;theme.valine.guest_info &#125;&#39;.split(&#39;,&#39;), pageSize: &#39;#&#123;theme.valine.pageSize&#125;&#39;, lang: &#39;#&#123;theme.valine.lang&#125;&#39;, recordIP: #&#123;theme.valine.recordIP&#125;, serverURLs: &#39;#&#123;theme.valine.serverURLs&#125;&#39;, emojiCDN: &#39;#&#123;theme.valine.emojiCDN&#125;&#39;, emojiMaps: !&#123;emojiMaps&#125;, enableQQ: #&#123;theme.valine.enableQQ&#125;, path: window.location.pathname, &#125;); if (&#39;#&#123;theme.valine.requiredFields&#125;&#39;) &#123; valine.config.requiredFields&#x3D; &#39;#&#123;theme.valine.requiredFields&#125;&#39;.split(&#39;,&#39;) &#125; &#125; if (typeof Valine &#x3D;&#x3D;&#x3D; &#39;function&#39;) initValine() else $.getScript(&#39;!&#123;url_for(theme.CDN.valine)&#125;&#39;, initValine) &#125; if (&#39;!&#123;theme.comments.use[0]&#125;&#39; &#x3D;&#x3D;&#x3D; &#39;Valine&#39; || !!&#123;theme.comments.lazyload&#125;) &#123; if (!&#123;theme.comments.lazyload&#125;) loadComment(document.querySelector(&#39;#vcomment&#39;),loadValine) else setTimeout(() &#x3D;&gt; loadValine(), 0) &#125; else &#123; function loadOtherComment () &#123; loadValine() &#125; &#125; 可以看到script.下面的内容不一样 这就是不同之处了 这样也就导致部分根据HCLonely博客魔改Valine的用户无法找到魔改的地方 解决其实很简单 在function loadValine的前面加上 123456789101112function requestSetting (from, set) &#123; var from &#x3D; from var setting &#x3D; set.split(&#39;,&#39;).filter(function(item)&#123; return from.indexOf(item) &gt; -1 &#125;); setting &#x3D; setting.length &#x3D;&#x3D; 0 ? from :setting; return setting&#125;var guestInfo &#x3D; requestSetting([&#39;nick&#39;,&#39;mail&#39;,&#39;link&#39;],&#39;#&#123; theme.valine.guest_info &#125;&#39;)var requiredFields &#x3D; requestSetting([&#39;nick&#39;,&#39;mail&#39;,&#39;link&#39;],&#39;#&#123; theme.valine.requiredFields &#125;&#39;) 即可，然后就可以继续按照HCLonely的魔改教程魔改了。 完结，撒花","categories":[{"name":"魔改","slug":"魔改","permalink":"https://blog.slqwq.cn/categories/%E9%AD%94%E6%94%B9/"},{"name":"评论","slug":"魔改/评论","permalink":"https://blog.slqwq.cn/categories/%E9%AD%94%E6%94%B9/%E8%AF%84%E8%AE%BA/"}],"tags":[{"name":"Hexo","slug":"Hexo","permalink":"https://blog.slqwq.cn/tags/Hexo/"},{"name":"魔改","slug":"魔改","permalink":"https://blog.slqwq.cn/tags/%E9%AD%94%E6%94%B9/"}]},{"title":"Hexo小魔改","slug":"Hexo小魔改","date":"2020-08-03T21:40:32.000Z","updated":"2020-12-12T08:02:42.195Z","comments":true,"path":"2020/posts/652ef4b5/index.html","link":"","permalink":"https://blog.slqwq.cn/2020/posts/652ef4b5/index.html","excerpt":"","text":"注:本文的所有魔改都基于JS/配置文件魔改，并不修改源码 为了方便，本文的魔改提供一键JS: 未压缩JS: 1&lt;script src=&quot;https://cdn.jsdelivr.net/gh/slblog-github/BlogFlies@V1.7/jake.js&quot;&gt;&lt;/script&gt; 普通压缩JS: 1&lt;script src=&quot;https://cdn.jsdelivr.net/gh/slblog-github/BlogFlies@V1.7/jake.min.js&quot;&gt;&lt;/script&gt; 加密压缩JS: 1&lt;script src=&quot;https://cdn.jsdelivr.net/gh/slblog-github/BlogFlies@V1.7/jake.encryption.js&quot;&gt;&lt;/script&gt; 页面添加小红心在主题source目录下新建文件 click_show_love.js 文件内插入以下代码 12!function(e,t,a)&#123;function n()&#123;c(&quot;.heart&#123;width: 10px;height: 10px;position: fixed;background: #f00;transform: rotate(45deg);-webkit-transform: rotate(45deg);-moz-transform: rotate(45deg);&#125;.heart:after,.heart:before&#123;content: &#x27;&#x27;;width: inherit;height: inherit;background: inherit;border-radius: 50%;-webkit-border-radius: 500%;-moz-border-radius: 50%;position: fixed;&#125;.heart:after&#123;top: -5px;&#125;.heart:before&#123;left: -5px;&#125;&quot;),o(),r()&#125;function r()&#123;for(var e=0;e&lt;d.length;e++)d[e].alpha&lt;=0?(t.body.removeChild(d[e].el),d.splice(e,1)):(d[e].y--,d[e].scale+=.004,d[e].alpha-=.013,d[e].el.style.cssText=&quot;left:&quot;+d[e].x+&quot;px;top:&quot;+d[e].y+&quot;px;opacity:&quot;+d[e].alpha+&quot;;transform:scale(&quot;+d[e].scale+&quot;,&quot;+d[e].scale+&quot;) rotate(45deg);background:&quot;+d[e].color+&quot;;z-index:99999&quot;);requestAnimationFrame(r)&#125;function o()&#123;var t=&quot;function&quot;==typeof e.onclick&amp;&amp;e.onclick;e.onclick=function(e)&#123;t&amp;&amp;t(),i(e)&#125;&#125;function i(e)&#123;var a=t.createElement(&quot;div&quot;);a.className=&quot;heart&quot;,d.push(&#123;el:a,x:e.clientX-5,y:e.clientY-5,scale:1,alpha:1,color:s()&#125;),t.body.appendChild(a)&#125;function c(e)&#123;var a=t.createElement(&quot;style&quot;);a.type=&quot;text/css&quot;;try&#123;a.appendChild(t.createTextNode(e))&#125;catch(t)&#123;a.styleSheet.cssText=e&#125;t.getElementsByTagName(&quot;head&quot;)[0].appendChild(a)&#125;function s()&#123;return&quot;rgb(&quot;+~~(255*Math.random())+&quot;,&quot;+~~(255*Math.random())+&quot;,&quot;+~~(255*Math.random())+&quot;)&quot;&#125;var d=[];e.requestAnimationFrame=function()&#123;return e.requestAnimationFrame||e.webkitRequestAnimationFrame||e.mozRequestAnimationFrame||e.oRequestAnimationFrame||e.msRequestAnimationFrame||function(e)&#123;setTimeout(e,1e3/60)&#125;&#125;(),n()&#125;(window,document); 然后打开主题配置文件，添加引用: 1&lt;script type=&quot;text/javascript&quot; src=&quot;/click_show_love.js&quot;&gt;&lt;/script&gt; 添加鼠标点击字体在主题source目录下新建文件click_show_text.js文件内部添加如下代码: 12345678910111213141516171819202122232425262728293031323334var a_idx = 0;jQuery(document).ready(function($) &#123; $(&quot;body&quot;).click(function(e) &#123; var a = new Array (&quot;富强&quot;, &quot;民主&quot;, &quot;文明&quot;, &quot;和谐&quot;, &quot;自由&quot;, &quot;平等&quot;, &quot;公正&quot;, &quot;法治&quot;, &quot;爱国&quot;, &quot;敬业&quot;, &quot;诚信&quot;, &quot;友善&quot;); var $i = $(&quot;&lt;span/&gt;&quot;).text(a[a_idx]); a_idx = (a_idx + 1) % a.length; var x = e.pageX, y = e.pageY; $i.css(&#123; &quot;z-index&quot;: 5, &quot;top&quot;: y - 20, &quot;left&quot;: x, &quot;position&quot;: &quot;absolute&quot;, &quot;font-weight&quot;: &quot;bold&quot;, &quot;color&quot;: &quot;#FF0000&quot; &#125;); $(&quot;body&quot;).append($i); $i.animate(&#123; &quot;top&quot;: y - 180, &quot;opacity&quot;: 0 &#125;, 3000, function() &#123; $i.remove(); &#125;); &#125;); setTimeout(&#x27;delay()&#x27;, 2000);&#125;);function delay() &#123; $(&quot;.buryit&quot;).removeAttr(&quot;onclick&quot;);&#125; 其中富强”, “民主”, “文明”, “和谐”, “自由”, “平等”, “公正”, “法治”, “爱国”, “敬业”, “诚信”, “友善”可自己更改 然后在主题配置文件添加引用: 12&lt;script type=&quot;text/javascript&quot; src=&quot;/click_show_text.js&quot;&gt;&lt;/script&gt; 添加鼠标点击烟花爆炸效果在主题source目录下新建文件fireworks.js，内部写入如下代码: 12&quot;use strict&quot;;function updateCoords(e)&#123;pointerX=(e.clientX||e.touches[0].clientX)-canvasEl.getBoundingClientRect().left,pointerY=e.clientY||e.touches[0].clientY-canvasEl.getBoundingClientRect().top&#125;function setParticuleDirection(e)&#123;var t=anime.random(0,360)*Math.PI/180,a=anime.random(50,180),n=[-1,1][anime.random(0,1)]*a;return&#123;x:e.x+n*Math.cos(t),y:e.y+n*Math.sin(t)&#125;&#125;function createParticule(e,t)&#123;var a=&#123;&#125;;return a.x=e,a.y=t,a.color=colors[anime.random(0,colors.length-1)],a.radius=anime.random(16,32),a.endPos=setParticuleDirection(a),a.draw=function()&#123;ctx.beginPath(),ctx.arc(a.x,a.y,a.radius,0,2*Math.PI,!0),ctx.fillStyle=a.color,ctx.fill()&#125;,a&#125;function createCircle(e,t)&#123;var a=&#123;&#125;;return a.x=e,a.y=t,a.color=&quot;#F00&quot;,a.radius=0.1,a.alpha=0.5,a.lineWidth=6,a.draw=function()&#123;ctx.globalAlpha=a.alpha,ctx.beginPath(),ctx.arc(a.x,a.y,a.radius,0,2*Math.PI,!0),ctx.lineWidth=a.lineWidth,ctx.strokeStyle=a.color,ctx.stroke(),ctx.globalAlpha=1&#125;,a&#125;function renderParticule(e)&#123;for(var t=0;t&lt;e.animatables.length;t++)&#123;e.animatables[t].target.draw()&#125;&#125;function animateParticules(e,t)&#123;for(var a=createCircle(e,t),n=[],i=0;i&lt;numberOfParticules;i++)&#123;n.push(createParticule(e,t))&#125;anime.timeline().add(&#123;targets:n,x:function(e)&#123;return e.endPos.x&#125;,y:function(e)&#123;return e.endPos.y&#125;,radius:0.1,duration:anime.random(1200,1800),easing:&quot;easeOutExpo&quot;,update:renderParticule&#125;).add(&#123;targets:a,radius:anime.random(80,160),lineWidth:0,alpha:&#123;value:0,easing:&quot;linear&quot;,duration:anime.random(600,800)&#125;,duration:anime.random(1200,1800),easing:&quot;easeOutExpo&quot;,update:renderParticule,offset:0&#125;)&#125;function debounce(e,t)&#123;var a;return function()&#123;var n=this,i=arguments;clearTimeout(a),a=setTimeout(function()&#123;e.apply(n,i)&#125;,t)&#125;&#125;var canvasEl=document.querySelector(&quot;.fireworks&quot;);if(canvasEl)&#123;var ctx=canvasEl.getContext(&quot;2d&quot;),numberOfParticules=30,pointerX=0,pointerY=0,tap=&quot;mousedown&quot;,colors=[&quot;#FF1461&quot;,&quot;#18FF92&quot;,&quot;#5A87FF&quot;,&quot;#FBF38C&quot;],setCanvasSize=debounce(function()&#123;canvasEl.width=2*window.innerWidth,canvasEl.height=2*window.innerHeight,canvasEl.style.width=window.innerWidth+&quot;px&quot;,canvasEl.style.height=window.innerHeight+&quot;px&quot;,canvasEl.getContext(&quot;2d&quot;).scale(2,2)&#125;,500),render=anime(&#123;duration:1/0,update:function()&#123;ctx.clearRect(0,0,canvasEl.width,canvasEl.height)&#125;&#125;);document.addEventListener(tap,function(e)&#123;&quot;sidebar&quot;!==e.target.id&amp;&amp;&quot;toggle-sidebar&quot;!==e.target.id&amp;&amp;&quot;A&quot;!==e.target.nodeName&amp;&amp;&quot;IMG&quot;!==e.target.nodeName&amp;&amp;(render.play(),updateCoords(e),animateParticules(pointerX,pointerY))&#125;,!1),setCanvasSize(),window.addEventListener(&quot;resize&quot;,setCanvasSize,!1)&#125;&quot;use strict&quot;;function updateCoords(e)&#123;pointerX=(e.clientX||e.touches[0].clientX)-canvasEl.getBoundingClientRect().left,pointerY=e.clientY||e.touches[0].clientY-canvasEl.getBoundingClientRect().top&#125;function setParticuleDirection(e)&#123;var t=anime.random(0,360)*Math.PI/180,a=anime.random(50,180),n=[-1,1][anime.random(0,1)]*a;return&#123;x:e.x+n*Math.cos(t),y:e.y+n*Math.sin(t)&#125;&#125;function createParticule(e,t)&#123;var a=&#123;&#125;;return a.x=e,a.y=t,a.color=colors[anime.random(0,colors.length-1)],a.radius=anime.random(16,32),a.endPos=setParticuleDirection(a),a.draw=function()&#123;ctx.beginPath(),ctx.arc(a.x,a.y,a.radius,0,2*Math.PI,!0),ctx.fillStyle=a.color,ctx.fill()&#125;,a&#125;function createCircle(e,t)&#123;var a=&#123;&#125;;return a.x=e,a.y=t,a.color=&quot;#F00&quot;,a.radius=0.1,a.alpha=0.5,a.lineWidth=6,a.draw=function()&#123;ctx.globalAlpha=a.alpha,ctx.beginPath(),ctx.arc(a.x,a.y,a.radius,0,2*Math.PI,!0),ctx.lineWidth=a.lineWidth,ctx.strokeStyle=a.color,ctx.stroke(),ctx.globalAlpha=1&#125;,a&#125;function renderParticule(e)&#123;for(var t=0;t&lt;e.animatables.length;t++)&#123;e.animatables[t].target.draw()&#125;&#125;function animateParticules(e,t)&#123;for(var a=createCircle(e,t),n=[],i=0;i&lt;numberOfParticules;i++)&#123;n.push(createParticule(e,t))&#125;anime.timeline().add(&#123;targets:n,x:function(e)&#123;return e.endPos.x&#125;,y:function(e)&#123;return e.endPos.y&#125;,radius:0.1,duration:anime.random(1200,1800),easing:&quot;easeOutExpo&quot;,update:renderParticule&#125;).add(&#123;targets:a,radius:anime.random(80,160),lineWidth:0,alpha:&#123;value:0,easing:&quot;linear&quot;,duration:anime.random(600,800)&#125;,duration:anime.random(1200,1800),easing:&quot;easeOutExpo&quot;,update:renderParticule,offset:0&#125;)&#125;function debounce(e,t)&#123;var a;return function()&#123;var n=this,i=arguments;clearTimeout(a),a=setTimeout(function()&#123;e.apply(n,i)&#125;,t)&#125;&#125;var canvasEl=document.querySelector(&quot;.fireworks&quot;);if(canvasEl)&#123;var ctx=canvasEl.getContext(&quot;2d&quot;),numberOfParticules=30,pointerX=0,pointerY=0,tap=&quot;mousedown&quot;,colors=[&quot;#FF1461&quot;,&quot;#18FF92&quot;,&quot;#5A87FF&quot;,&quot;#FBF38C&quot;],setCanvasSize=debounce(function()&#123;canvasEl.width=2*window.innerWidth,canvasEl.height=2*window.innerHeight,canvasEl.style.width=window.innerWidth+&quot;px&quot;,canvasEl.style.height=window.innerHeight+&quot;px&quot;,canvasEl.getContext(&quot;2d&quot;).scale(2,2)&#125;,500),render=anime(&#123;duration:1/0,update:function()&#123;ctx.clearRect(0,0,canvasEl.width,canvasEl.height)&#125;&#125;);document.addEventListener(tap,function(e)&#123;&quot;sidebar&quot;!==e.target.id&amp;&amp;&quot;toggle-sidebar&quot;!==e.target.id&amp;&amp;&quot;A&quot;!==e.target.nodeName&amp;&amp;&quot;IMG&quot;!==e.target.nodeName&amp;&amp;(render.play(),updateCoords(e),animateParticules(pointerX,pointerY))&#125;,!1),setCanvasSize(),window.addEventListener(&quot;resize&quot;,setCanvasSize,!1)&#125;; 然后打开主题配置文件添加引用: 123&lt;canvas class=&quot;fireworks&quot; style=&quot;position: fixed;left: 0;top: 0;z-index: 1; pointer-events: none;&quot; &gt;&lt;/canvas&gt; &lt;script type=&quot;text/javascript&quot; src=&quot;https://cdn.bootcss.com/animejs/2.2.0/anime.min.js&quot;&gt;&lt;/script&gt; &lt;script type=&quot;text/javascript&quot; src=&quot;/fireworks.js&quot;&gt;&lt;/script&gt; 添加彩色打字效果在你要添加的地方写入以下代码: 12345678910111213141516171819202122232425262728293031323334353637383940414243&lt;div id=&quot;binft&quot;&gt;&lt;/div&gt; &lt;script&gt; var binft = function (r) &#123; function t() &#123; return b[Math.floor(Math.random() * b.length)] &#125; function e() &#123; return String.fromCharCode(94 * Math.random() + 33) &#125; function n(r) &#123; for (var n = document.createDocumentFragment(), i = 0; r &gt; i; i++) &#123; var l = document.createElement(&quot;span&quot;); l.textContent = e(), l.style.color = t(), n.appendChild(l) &#125; return n &#125; function i() &#123; var t = o[c.skillI]; c.step ? c.step-- : (c.step = g, c.prefixP &lt; l.length ? (c.prefixP &gt;= 0 &amp;&amp; (c.text += l[c.prefixP]), c.prefixP++) : &quot;forward&quot; === c.direction ? c.skillP &lt; t.length ? (c.text += t[c.skillP], c.skillP++) : c.delay ? c.delay-- : (c.direction = &quot;backward&quot;, c.delay = a) : c.skillP &gt; 0 ? (c.text = c.text.slice(0, -1), c.skillP--) : (c.skillI = (c.skillI + 1) % o.length, c.direction = &quot;forward&quot;)), r.textContent = c.text, r.appendChild(n(c.prefixP &lt; l.length ? Math.min(s, s + c.prefixP) : Math.min(s, t.length - c.skillP))), setTimeout(i, d) &#125; var l = &quot;&quot;, o = [&quot;青青陵上柏，磊磊涧中石。&quot;, &quot;人生天地间，忽如远行客。&quot;,&quot;斗酒相娱乐，聊厚不为薄。&quot;, &quot;驱车策驽马，游戏宛与洛。&quot;,&quot;洛中何郁郁，冠带自相索。&quot;,&quot;长衢罗夹巷，王侯多第宅。&quot;,&quot;两宫遥相望，双阙百余尺。&quot;,&quot;极宴娱心意，戚戚何所迫？&quot;].map(function (r) &#123; return r + &quot;&quot; &#125;), a = 2, g = 1, s = 5, d = 75, b = [&quot;rgb(110,64,170)&quot;, &quot;rgb(150,61,179)&quot;, &quot;rgb(191,60,175)&quot;, &quot;rgb(228,65,157)&quot;, &quot;rgb(254,75,131)&quot;, &quot;rgb(255,94,99)&quot;, &quot;rgb(255,120,71)&quot;, &quot;rgb(251,150,51)&quot;, &quot;rgb(226,183,47)&quot;, &quot;rgb(198,214,60)&quot;, &quot;rgb(175,240,91)&quot;, &quot;rgb(127,246,88)&quot;, &quot;rgb(82,246,103)&quot;, &quot;rgb(48,239,130)&quot;, &quot;rgb(29,223,163)&quot;, &quot;rgb(26,199,194)&quot;, &quot;rgb(35,171,216)&quot;, &quot;rgb(54,140,225)&quot;, &quot;rgb(76,110,219)&quot;, &quot;rgb(96,84,200)&quot;], c = &#123; text: &quot;&quot;, prefixP: -s, skillI: 0, skillP: 0, direction: &quot;forward&quot;, delay: a, step: g &#125;; i() &#125;; binft(document.getElementById(&#x27;binft&#x27;)); &lt;/script&gt; 其中青青陵上柏，磊磊涧中石。”, “人生天地间，忽如远行客。”,”斗酒相娱乐，聊厚不为薄。”, “驱车策驽马，游戏宛与洛。”,”洛中何郁郁，冠带自相索。”,”长衢罗夹巷，王侯多第宅。”,”两宫遥相望，双阙百余尺。”,”极宴娱心意，戚戚何所迫？和color可自己修改 浏览器标题恶搞在主题source目录下新建title.js，文件内写入: 1234567891011121314151617var OriginTitle = document.title;var titleTime;document.addEventListener(&#x27;visibilitychange&#x27;, function () &#123; if (document.hidden) &#123; $(&#x27;[rel=&quot;icon&quot;]&#x27;).attr(&#x27;href&#x27;, &quot;/funny.ico&quot;); document.title = &#x27;╭(°A°`)╮ 页面崩溃啦 ~&#x27;; clearTimeout(titleTime); &#125; else &#123; $(&#x27;[rel=&quot;icon&quot;]&#x27;).attr(&#x27;href&#x27;, &quot;/favicon.ico&quot;); document.title = &#x27;(ฅ&gt;ω&lt;*ฅ) 噫又好啦 ~&#x27; + OriginTitle; titleTime = setTimeout(function () &#123; document.title = OriginTitle; &#125;, 2000); &#125;&#125;); 其中funny.ico是用户切换到其他标签后的图标，favicon是正常图标 然后在主题配置文件内添加引用 1&lt;script type=&quot;text/javascript&quot; src=&quot;/title.js&quot;&gt;&lt;/script&gt; 添加动态线条效果主题配置文件内插入: 123&lt;script type=&quot;text/javascript&quot;color=&quot;220,220,220&quot; opacity=&#x27;0.7&#x27; zIndex=&quot;-2&quot; count=&quot;200&quot; src=&quot;https://cdn.bootcss.com/canvas-nest.js/1.0.0/canvas-nest.min.js&quot;&gt;&lt;/script&gt; 网站添加雪花飘落效果在主题source目录下新建文件snow.js 文件内写入以下代码: 123456789101112131415161718192021222324252627282930313233343536373839404142(function($)&#123; $.fn.snow = function(options)&#123; var $flake = $(&#x27;&lt;div id=&quot;snowbox&quot; /&gt;&#x27;).css(&#123;&#x27;position&#x27;: &#x27;absolute&#x27;,&#x27;z-index&#x27;:&#x27;9999&#x27;, &#x27;top&#x27;: &#x27;-50px&#x27;&#125;).html(&#x27;&amp;#10052;&#x27;), documentHeight = $(document).height(), documentWidth = $(document).width(), defaults = &#123; minSize : 10, maxSize : 20, newOn : 1000, flakeColor : &quot;#AFDAEF&quot; /* 此处可以定义雪花颜色，若要白色可以改为#FFFFFF */ &#125;, options = $.extend(&#123;&#125;, defaults, options); var interval= setInterval( function()&#123; var startPositionLeft = Math.random() * documentWidth - 100, startOpacity = 0.5 + Math.random(), sizeFlake = options.minSize + Math.random() * options.maxSize, endPositionTop = documentHeight - 200, endPositionLeft = startPositionLeft - 500 + Math.random() * 500, durationFall = documentHeight * 10 + Math.random() * 5000; $flake.clone().appendTo(&#x27;body&#x27;).css(&#123; left: startPositionLeft, opacity: startOpacity, &#x27;font-size&#x27;: sizeFlake, color: options.flakeColor &#125;).animate(&#123; top: endPositionTop, left: endPositionLeft, opacity: 0.2 &#125;,durationFall,&#x27;linear&#x27;,function()&#123; $(this).remove() &#125;); &#125;, options.newOn); &#125;;&#125;)(jQuery);$(function()&#123; $.fn.snow(&#123; minSize: 5, /* 定义雪花最小尺寸 */ maxSize: 50,/* 定义雪花最大尺寸 */ newOn: 300 /* 定义密集程度，数字越小越密集 */ &#125;);&#125;); 然后添加引用 1&lt;script type=&quot;text/javascript&quot; src=&quot;/snow.js&quot;&gt;&lt;/script&gt; 如果没有效果请在JS前引用Jquery 123&lt;script type=&quot;text/javascript&quot; src=&quot;https://libs.baidu.com/jquery/1.8.3/jquery.js&quot;&gt;&lt;/script&gt;&lt;script type=&quot;text/javascript&quot; src=&quot;https://libs.baidu.com/jquery/1.8.3/jquery.min.js&quot;&gt;&lt;/script&gt; 网站添加飘动的彩带主题配置文件里添加引用: 1&lt;script src=&quot;https://g.joyinshare.com/hc/piao.js&quot; type=&quot;text/javascript&quot;&gt;&lt;/script&gt; 添加代码雨特效新建DigitalRain.js文件 写入以下代码 12345678910111213141516171819202122232425262728293031323334353637383940414243444546474849505152535455565758window.onload = function()&#123; //获取画布对象 var canvas = document.getElementById(&quot;canvas&quot;); //获取画布的上下文 var context =canvas.getContext(&quot;2d&quot;); var s = window.screen; var W = canvas.width = s.width; var H = canvas.height; //获取浏览器屏幕的宽度和高度 //var W = window.innerWidth; //var H = window.innerHeight; //设置canvas的宽度和高度 canvas.width = W; canvas.height = H; //每个文字的字体大小 var fontSize = 12; //计算列 var colunms = Math.floor(W /fontSize); //记录每列文字的y轴坐标 var drops = []; //给每一个文字初始化一个起始点的位置 for(var i=0;i&lt;colunms;i++)&#123; drops.push(0); &#125; //运动的文字 var str =&quot;WELCOME TO WWW.ITRHX.COM&quot;; //4:fillText(str,x,y);原理就是去更改y的坐标位置 //绘画的函数 function draw()&#123; context.fillStyle = &quot;rgba(238,238,238,.08)&quot;;//遮盖层 context.fillRect(0,0,W,H); //给字体设置样式 context.font = &quot;600 &quot;+fontSize+&quot;px Georgia&quot;; //给字体添加颜色 context.fillStyle = [&quot;#33B5E5&quot;, &quot;#0099CC&quot;, &quot;#AA66CC&quot;, &quot;#9933CC&quot;, &quot;#99CC00&quot;, &quot;#669900&quot;, &quot;#FFBB33&quot;, &quot;#FF8800&quot;, &quot;#FF4444&quot;, &quot;#CC0000&quot;][parseInt(Math.random() * 10)];//randColor();可以rgb,hsl, 标准色，十六进制颜色 //写入画布中 for(var i=0;i&lt;colunms;i++)&#123; var index = Math.floor(Math.random() * str.length); var x = i*fontSize; var y = drops[i] *fontSize; context.fillText(str[index],x,y); //如果要改变时间，肯定就是改变每次他的起点 if(y &gt;= canvas.height &amp;&amp; Math.random() &gt; 0.99)&#123; drops[i] = 0; &#125; drops[i]++; &#125; &#125;; function randColor()&#123;//随机颜色 var r = Math.floor(Math.random() * 256); var g = Math.floor(Math.random() * 256); var b = Math.floor(Math.random() * 256); return &quot;rgb(&quot;+r+&quot;,&quot;+g+&quot;,&quot;+b+&quot;)&quot;; &#125; draw(); setInterval(draw,35);&#125;; 然后添加引用 12&lt;canvas id=&quot;canvas&quot; width=&quot;1440&quot; height=&quot;900&quot; &gt;&lt;/canvas&gt;&lt;script type=&quot;text/javascript&quot; src=&quot;/DigitalRain.js&quot;&gt;&lt;/script&gt; End","categories":[],"tags":[{"name":"Hexo","slug":"Hexo","permalink":"https://blog.slqwq.cn/tags/Hexo/"},{"name":"魔改","slug":"魔改","permalink":"https://blog.slqwq.cn/tags/%E9%AD%94%E6%94%B9/"}]},{"title":"Butterfly实现Aplayer+Meting不断歌","slug":"Butterfly实现Aplayer-Meting不断歌","date":"2020-07-18T15:19:10.000Z","updated":"2020-12-12T08:02:42.184Z","comments":true,"path":"2020/posts/d18e7002/index.html","link":"","permalink":"https://blog.slqwq.cn/2020/posts/d18e7002/index.html","excerpt":"","text":"最近有人问我，我博客上的那个播放器是怎么弄的 放图: 其实要实现我博客的这个Meting+Aplayer很简单 首先你需要更新到Butterfly的Pjax分支 然后去themes/Butterfly/source里新建个JS，名字随意 接着编辑这个文件 里面填写 12345678910111213141516171819202122232425262728293031323334353637383940414243444546474849505152535455document.writeln(&quot;&lt;script src=\\&#x27;https://cdn.jsdelivr.net/npm/pjax/pjax.min.js\\&#x27;&gt;&lt;/script&gt;&quot;);document.writeln(&quot;&lt;script&gt;var pjax = new Pjax(&#123;&quot;);document.writeln(&quot; selectors: [&quot;);document.writeln(&quot; \\&#x27;title\\&#x27;,&quot;);document.writeln(&quot; \\&#x27;meta[name=description]\\&#x27;,&quot;);document.writeln(&quot; \\&#x27;#config_change\\&#x27;,&quot;);document.writeln(&quot; \\&#x27;#body-wrap\\&#x27;,&quot;);document.writeln(&quot; \\&#x27;#rightside\\&#x27;,&quot;);document.writeln(&quot; \\&#x27;.js-pjax\\&#x27;&quot;);document.writeln(&quot; ],&quot;);document.writeln(&quot; cacheBust: false,&quot;);document.writeln(&quot;&#125;)&quot;);document.writeln(&quot;&quot;);document.writeln(&quot;document.addEventListener(\\&#x27;pjax:complete\\&#x27;, function () &#123;&quot;);document.writeln(&quot; refreshFn()&quot;);document.writeln(&quot;&quot;);document.writeln(&quot; $(\\&#x27;script[data-pjax]\\&#x27;).each(function () &#123;&quot;);document.writeln(&quot; $(this).parent().append($(this).remove())&quot;);document.writeln(&quot; &#125;)&quot;);document.writeln(&quot;&quot;);document.writeln(&quot; GLOBAL_CONFIG.islazyload &amp;&amp; lazyLoadInstance.update()&quot;);document.writeln(&quot;&quot;);document.writeln(&quot; typeof chatBtnFn === \\&#x27;function\\&#x27; &amp;&amp; chatBtnFn()&quot;);document.writeln(&quot; typeof panguInit === \\&#x27;function\\&#x27; &amp;&amp; panguInit()&quot;);document.writeln(&quot;&quot;);document.writeln(&quot; if (typeof gtag === \\&#x27;function\\&#x27;) &#123;&quot;);document.writeln(&quot; gtag(\\&#x27;config\\&#x27;, \\&#x27;ca-pub-1197128104711052\\&#x27;, &#123;\\&#x27;page_path\\&#x27;: window.location.pathname&#125;);&quot;);document.writeln(&quot; &#125;&quot;);document.writeln(&quot;&quot;);document.writeln(&quot; if (document.getElementsByClassName(\\&#x27;aplayer\\&#x27;).length)&#123;&quot;);document.writeln(&quot; loadMeting()&quot;);document.writeln(&quot; &#125;&quot;);document.writeln(&quot;&#125;)&quot;);document.writeln(&quot;&quot;);document.writeln(&quot;document.addEventListener(\\&#x27;pjax:send\\&#x27;, function () &#123;&quot;);document.writeln(&quot; if (window.aplayers) &#123;&quot;);document.writeln(&quot; for (let i = 0; i &lt; window.aplayers.length; i++) &#123;&quot;);document.writeln(&quot; if (!window.aplayers[i].options.fixed) &#123;&quot;);document.writeln(&quot; window.aplayers[i].destroy()&quot;);document.writeln(&quot; &#125;&quot;);document.writeln(&quot; &#125;&quot;);document.writeln(&quot; &#125;&quot;);document.writeln(&quot;&quot;);document.writeln(&quot; $(window).off(\\&#x27;scroll\\&#x27;)&quot;);document.writeln(&quot;&quot;);document.writeln(&quot; //reset readmode&quot;);document.writeln(&quot; $(\\&#x27;body\\&#x27;).hasClass(\\&#x27;read-mode\\&#x27;) &amp;&amp; $(\\&#x27;body\\&#x27;).removeClass(\\&#x27;read-mode\\&#x27;)&quot;);document.writeln(&quot;&quot;);document.writeln(&quot; //reset font-size&quot;);document.writeln(&quot; $(\\&#x27;body\\&#x27;).css(\\&#x27;font-size\\&#x27;) !== originFontSize &amp;&amp; $(\\&#x27;body\\&#x27;).css(\\&#x27;font-size\\&#x27;, parseFloat(originFontSize))&quot;);document.writeln(&quot;&#125;)&lt;/script&gt;&quot;);document.writeln(&quot;&lt;link rel=\\&#x27;stylesheet\\&#x27; href=\\&#x27;https://cdn.jsdelivr.net/npm/aplayer/dist/APlayer.min.css\\&#x27;&gt;&quot;);document.writeln(&quot;&lt;script src=\\&#x27;https://cdn.jsdelivr.net/npm/aplayer/dist/APlayer.min.js\\&#x27;&gt;&lt;/script&gt;&quot;);document.writeln(&quot;&lt;script src=\\&#x27;https://cdn.jsdelivr.net/npm/meting@2.0.1/dist/Meting.min.js\\&#x27;&gt;&lt;/script&gt;&quot;);document.writeln(&quot;&lt;meting-js server=\\&#x27;netease\\&#x27; type=\\&#x27;playlist\\&#x27; id=\\&#x27;2187995420\\&#x27; fixed=\\&#x27;true\\&#x27;&gt;&lt;/meting-js&gt;&quot;); 别忘记把id那里的数字改成你自己的歌单 解析: server=&#39;\\netease&#39; -&gt;平台名称。netease：网易；tencent：腾讯；xiami：虾米；kugou：酷狗；baidu：百度 type=&#39;\\playlist\\‘ -&gt;类型。playlist：歌单；song：单曲；专辑：album；关键词：search；歌手：artist id=’\\XXXX&#39; -&gt;音乐页面链接上的id号 更多参数请参考 MetingGitHub 添加好js后还需要引用 打开Hexo根目录/source/_data的butterfly.yml 往下滑,找到Inject的bottom 在bottom里面添加 1- &lt;script src=&quot;/刚才创建的JS的名字.js&quot;&gt;&lt;/script&gt; 接着在你的终端里输入hexo clean &amp;&amp; hexo s 然后就会看到播放器了 JS解剖1-51为Pjax的Lancher Command 52-55为Aplayer+MetingJS的Core Command 实现Aplayer+MettingJS+Pjax的第二种方法(来自群友小康大佬~)1.把主题配置的 aplayer: asset_inject改为false 然后将主题的aplayerInject改为true","categories":[{"name":"Pjax系列","slug":"Pjax系列","permalink":"https://blog.slqwq.cn/categories/Pjax%E7%B3%BB%E5%88%97/"},{"name":"播放器","slug":"Pjax系列/播放器","permalink":"https://blog.slqwq.cn/categories/Pjax%E7%B3%BB%E5%88%97/%E6%92%AD%E6%94%BE%E5%99%A8/"},{"name":"Javascript","slug":"Pjax系列/播放器/Javascript","permalink":"https://blog.slqwq.cn/categories/Pjax%E7%B3%BB%E5%88%97/%E6%92%AD%E6%94%BE%E5%99%A8/Javascript/"}],"tags":[{"name":"Hexo","slug":"Hexo","permalink":"https://blog.slqwq.cn/tags/Hexo/"},{"name":"Aplayer","slug":"Aplayer","permalink":"https://blog.slqwq.cn/tags/Aplayer/"},{"name":"Meting","slug":"Meting","permalink":"https://blog.slqwq.cn/tags/Meting/"}]},{"title":"使用好的CDN让你的网站获得更快的加载速度","slug":"使用好的CDN让你的网站获得更快的加载速度","date":"2020-06-19T17:51:42.000Z","updated":"2020-12-12T08:02:42.208Z","comments":true,"path":"2020/posts/62a00332/index.html","link":"","permalink":"https://blog.slqwq.cn/2020/posts/62a00332/index.html","excerpt":"","text":"本文参加又拍云技术征文活动! Cover来自impdx 大家好，本文章我来教大家如何使用好的CDN让你的网站获得更快的速度 了解什么是CDNCDN的全称是Content Delivery Network，即内容分发网络。CDN是构建在现有网络基础之上的智能虚拟网络，依靠部署在各地的边缘服务器，通过中心平台的负载均衡、内容分发、调度等功能模块，使用户就近获取所需内容，降低网络拥塞，提高用户访问响应速度和命中率。CDN的关键技术主要有内容存储和分发技术。 简单来说就是将你原站的服务分发给CDN的各个机器，然后当你访问套上CDN的网站时将你301到最近的服务 CDN的作用CDN主要用来: 1.下载 2.音视频点播 3.加速网站 4.存储文件 如何使用本期教程使用又拍云 废话不多说，进入正题 注册账号第一步当然是注册账号啦 进入又拍云官网 点击右上角的注册有礼在接下来的页面里面会出现两个选项 1.申请个人账号 2.申请企业账号 对于我们当然是选个人帐号啦 然后注册你们应该都懂，这边就不多说啦 配置CDN注册好了当然要配置CDN拉 在这之前，我们需要实名~ 我们需要进入实名页面 接下来点击实名认证 然后上传自己的手持身份证照 或者使用支付宝实名 等待又小拍审核通过后就能开始配置拉 点击云产品-CDN 看到右上角大大的创建服务了吗 点他，点他，点他~ 接下来你会被传送到创建CDN服务页面 根据他的介绍来填写 注意:加速域名需备案哦 创建完成后看到你的加速域名后面有个拒绝了嘛，看到了就是你没备案哦 这时候CDN已经搞♂好了 接下来就访问看看吧 如果出现handshake failed错误就是因为你的原站使用了强制HTTPS而CDN没配置HTTPS 这个亚子去又拍云申请一个免费的SSL就行了","categories":[],"tags":[]},{"title":"More-Beautiful-Div-Framework","slug":"如何引用我的外挂标签CSS","date":"2020-06-14T12:32:18.000Z","updated":"2020-12-12T08:02:42.227Z","comments":true,"path":"2020/posts/7d8b55fe/index.html","link":"","permalink":"https://blog.slqwq.cn/2020/posts/7d8b55fe/index.html","excerpt":"","text":"注:本CSS基于WordPress niRvana主题制作 Butterfly引用方法 旧版本:\\themes\\Butterfly的_config.yml 新版本:\\source\\_data\\butterfly.yml 打开后 找到inject: head:处 添加 123- &lt;link rel&#x3D;&quot;stylesheet&quot; href&#x3D;&quot;https:&#x2F;&#x2F;unpkg.com&#x2F;more-beautiful-div-framework&#x2F;more-beautiful-div-framework.min.css&quot;&gt;- &lt;link rel&#x3D;&quot;stylesheet&quot; href&#x3D;&quot;https:&#x2F;&#x2F;cdn.jsdelivr.net&#x2F;npm&#x2F;@fortawesome&#x2F;fontawesome-free&#x2F;css&#x2F;all.min.css&quot;&gt;- &lt;link rel&#x3D;&quot;stylesheet&quot; href&#x3D;&quot;https:&#x2F;&#x2F;cdn.jsdelivr.net&#x2F;gh&#x2F;More-Beautiful-Div-Framework&#x2F;More-Beautiful-Div-Framework-CDN&#x2F;yl-if.css&quot;&gt; 网页引用方法: 网页head处添加 123&lt;link rel&#x3D;&quot;stylesheet&quot; href&#x3D;&quot;https:&#x2F;&#x2F;unpkg.com&#x2F;more-beautiful-div-framework&#x2F;more-beautiful-div-framework.min.css&quot;&gt;&lt;link rel&#x3D;&quot;stylesheet&quot; href&#x3D;&quot;https:&#x2F;&#x2F;cdn.jsdelivr.net&#x2F;npm&#x2F;@fortawesome&#x2F;fontawesome-free&#x2F;css&#x2F;all.min.css&quot;&gt;&lt;link rel&#x3D;&quot;stylesheet&quot; href&#x3D;&quot;https:&#x2F;&#x2F;cdn.jsdelivr.net&#x2F;gh&#x2F;More-Beautiful-Div-Framework&#x2F;More-Beautiful-Div-Framework-CDN&#x2F;yl-if.css&quot;&gt; 文章内引用方法: 123456789&lt;div class&#x3D;&quot;tip lite&quot;&gt;&lt;p&gt;文字&lt;&#x2F;p&gt;&lt;p&gt;&lt;&#x2F;p&gt;&lt;&#x2F;div&gt;&lt;div class&#x3D;&quot;tip ban&quot;&gt;&lt;p&gt;文字&lt;&#x2F;p&gt;&lt;p&gt;&lt;&#x2F;p&gt;&lt;&#x2F;div&gt;&lt;div class&#x3D;&quot;tip home&quot;&gt;&lt;p&gt;文字&lt;&#x2F;p&gt;&lt;p&gt;&lt;&#x2F;p&gt;&lt;&#x2F;div&gt;&lt;div class&#x3D;&quot;tip impo&quot;&gt;&lt;p&gt;魔改标签4&lt;&#x2F;p&gt;&lt;p&gt;&lt;&#x2F;p&gt;&lt;&#x2F;div&gt;&lt;div class&#x3D;&quot;tip ref&quot;&gt;&lt;p&gt;魔改标签5&lt;&#x2F;p&gt;&lt;p&gt;&lt;&#x2F;p&gt;&lt;&#x2F;div&gt;&lt;div class&#x3D;&quot;tip set&quot;&gt;&lt;p&gt;魔改标签6&lt;&#x2F;p&gt;&lt;p&gt;&lt;&#x2F;p&gt;&lt;&#x2F;div&gt;&lt;div class&#x3D;&quot;tip key&quot;&gt;&lt;p&gt;魔改标签7&lt;&#x2F;p&gt;&lt;p&gt;&lt;&#x2F;p&gt;&lt;&#x2F;div&gt;&lt;div class&#x3D;&quot;tip bell&quot;&gt;&lt;p&gt;魔改标签8&lt;&#x2F;p&gt;&lt;p&gt;&lt;&#x2F;p&gt;&lt;&#x2F;div&gt;&lt;div class&#x3D;&quot;tip qq&quot;&gt;&lt;p&gt;魔改标签9&lt;&#x2F;p&gt;&lt;p&gt;&lt;&#x2F;p&gt;&lt;&#x2F;div&gt; 例子: 魔改标签1 魔改标签2 魔改标签3 魔改标签4 魔改标签5 魔改标签6 魔改标签7 魔改标签8 魔改标签9 目前此拓展会持续更新 依赖依赖如下: FontAwesome 5 / 4(除QQ样式以外的其他样式依赖项) iconfont(QQ样式的依赖项) 更新日志:2020/8/36 18:30 版本号V1.9 更换部分标签引用名称 2020/6/22 14:05 版本号V1.8 将QQ样式的图标替换为iconfont图标 2020/6/1720:29 版本号V1.7(跳过1.6)添加压缩过的css(more-beautiful-div-framework.min.css)提供jsdelivr的CSS地址兼容V5添加QQ样式 17:52 版本号V1.5取消pool.css依赖将jsdelivr地址换为unpkg地址 2020/6/1514:55 版本号V1.4添加socd样式 2020/6/1418:20 版本号V1.3添加ref、ffa、key样式 14:45 版本号V1.2添加important样式 12:30 版本号V1.1添加Home样式 12:00 版本号V1.0添加Wtgo、ban2种样式 10:00开启此项目","categories":[],"tags":[{"name":"Hexo","slug":"Hexo","permalink":"https://blog.slqwq.cn/tags/Hexo/"}]},{"title":"白嫖超好用的CDN(GitHub+Jsdelivr)","slug":"白嫖超好用的CDN-GitHub-Jsdelivr","date":"2020-05-28T11:03:12.000Z","updated":"2020-12-12T08:02:42.242Z","comments":true,"path":"2020/posts/d6df3a18/index.html","link":"","permalink":"https://blog.slqwq.cn/2020/posts/d6df3a18/index.html","excerpt":"","text":"hi，各位好。今天我来教大家白嫖CDN 创建仓库登陆GitHub新建一个仓库，名字随意 一定要是公开! 生成Tokens打开https://github.com/settings/tokens在页面内选择Generate new token输入密码后进行下一步Note为你的名字 权限请选择repo 选择好后点击Generate token在跳转的页面里面会有一串代码比如7513764b740b88c40afc9aa6980989e42axxxxx这串代码保存下来接下来会用 下载进入https://github.com/Molunerfinn/PicGo/releases选择一个版本(这里以2.2.2演示)下载完成后双击打开进行安装 PicGo主页面安装好后进去PicGo会出现这个界面 设置图床选择图床设置找到GitHub图床这些都设置完后进入上传区将最上面的改为GitHub图床接下来就可以上传一个文件测试了我来放一个测试图可以看到加载的速度非常快如果有问题请在下方留言!","categories":[],"tags":[]},{"title":"博客效果展示","slug":"博客效果展示","date":"2020-05-27T20:39:32.000Z","updated":"2020-12-12T08:02:42.216Z","comments":true,"path":"2020/posts/e8563c5f/index.html","link":"","permalink":"https://blog.slqwq.cn/2020/posts/e8563c5f/index.html","excerpt":"","text":"下面上效果展示 错误标签 警告标签 成功标签 默认标签 测试!awaHexo真香 开始背书 海内存知己‚天涯若比邻 初级标签 Codeblock in note成功标签 Info Header信息标签 Warning Header警告标签 Danger Header危险标签 No icon note note info no-icon无图标标签 1代码框标签，效果和&#96;&#96;&#96; &#96;&#96;&#96;一样 黄色色块 左边框红色块级 纯文本测试 支持简单的 markdown 语法 支持自定义颜色 绿色 + 默认选中 黄色 + 默认选中 青色 + 默认选中 蓝色 + 默认选中 增加 减少 叉 测试 测试一下 看看答案 我是答案 这是黑体字这是微软雅黑这是华文彩云三号蓝色黑体四号青色字五号灰色字 点击下载点击下载点击下载点击下载点击下载点击下载点击下载点击下载 看看更新吧 如何参与项目http://localhost:4000/contributors/ 碎碎念 2020-08-06 连接测试 今天是2020-08-06 2020-08-05 连接测试 今天是2020-08-05 查看图片测试 查看默认打开的折叠框 这是一个默认打开的折叠框。 查看代码测试 查看列表测试 hahahehe 查看嵌套测试 查看嵌套测试2 查看嵌套测试3 hahaha","categories":[],"tags":[]},{"title":"如何在自己网站上添加pace.js进度条","slug":"如何在自己网站上添加pace-js进度条","date":"2020-05-16T14:07:44.000Z","updated":"2020-12-12T08:02:42.225Z","comments":true,"path":"2020/posts/2c805e6b/index.html","link":"","permalink":"https://blog.slqwq.cn/2020/posts/2c805e6b/index.html","excerpt":"","text":"相信各位站长们不喜欢网站普普通通的加载方式，那么今天SL就带来如何给自己网站添加pace.js进度条的教程 首先进入https://github.hubspot.com/pace/ 看到最上面蓝色的字(Star on GitHubDownload ZIP（v版本号)点击一下后面的DownloadZIP下载下来后可能是个压缩包双击打开打开后有个文件夹，如果没有返回上一个目录将文件夹解压到你Hexo目录\\themes\\你主题\\source\\js目录下然后进入主题文件夹找到layout文件夹进入进入之后找到_partial找到head.XXX双击打开接下来在&lt;html&gt;内部添加 12&lt;script src&#x3D;&quot;&#x2F;js&#x2F;pace-1.0.2&#x2F;pace.min.js&#39;&gt;&quot;&lt;&#x2F;script&gt;&lt;ink href&#x3D;&quot;&#x2F;js&#x2F;pace-1.0.2&#x2F;themes&#x2F;blue&#x2F;pace-theme-loading-bar.css&quot; rel&#x3D;&quot;stylesheet&quot;&gt; 如果嫌弃样式不好看可以去https://github.hubspot.com/pace/docs/welcome/找个自己喜欢的记住名字，去你解压PACE的目录下找到themes进入后找到你喜欢的颜色然后在颜色文件夹找到你喜欢的样式复制名称替换本博客的pace-theme-loading-bar后缀不用换","categories":[],"tags":[]},{"title":"如何创建自己的Office E5","slug":"如何创建自己的Office-E5","date":"2020-05-14T17:38:44.000Z","updated":"2020-12-12T08:02:42.223Z","comments":true,"path":"2020/posts/143f7edb/index.html","link":"","permalink":"https://blog.slqwq.cn/2020/posts/143f7edb/index.html","excerpt":"","text":"注：本文转载自MBRjun的学习记录https://blog.mbrjun.cn/archives/10/ 教程首先点击这里，然后点击Join Now 然后登录，似乎个人和工作教育账户都可以，也可以Github登录 小编（营销号内味）用Windows Hello登录给大家演示 登录你的账户 填写信息，国家地区填你所在的（本项需如实填写，有验证，并且决定后续的绑定），公司可以随便填，下面两个必须都勾选才能成功白嫖，然后下一步 下面的信息如图填写，自己填写没白嫖到Micorosft365别找我第一组勾选个人 下面一组全部勾选，然后下一步 点击关闭即可 点击设置订阅 设置你的账户和密码 不用多说了吧 国家和地区决定了电话验证码地区 手机上接收下验证码 等待分配资源 分配完成 到这里你已经成功的白嫖到了Microsoft 365，点击查看资源开始使用 续期方法：使用Oneindex上传文件前提：OneDrive必须分配完成","categories":[],"tags":[]},{"title":"如何白嫖免费域名","slug":"如何白嫖免费域名","date":"2020-05-01T09:28:38.000Z","updated":"2020-12-12T08:02:42.230Z","comments":true,"path":"2020/posts/dcfdf76e/index.html","link":"","permalink":"https://blog.slqwq.cn/2020/posts/dcfdf76e/index.html","excerpt":"","text":"今天小编(划掉)教大家如何白嫖免费域名啦~ 第一步:下载本站提供的集装箱插件，拖动到Chrome里。低速下载(走服务器流量)：https://www.slblog.ga/集装箱.crx觉得这个下载慢可以试试高速下载哦高速下载(走CF高级版CDN)：https://cdn.slblog.ga/集装箱.crx如果无法安装请打开开发者模式并将crx解压后选择加载一解压的扩展程序然后点击集装箱插件-谷歌助手-开启代理第二步：打开www.freenom.com在方框里输入你想要的域名(带后缀哦)后缀类型：.tk，.ml，.ga，.gq，.cf这边用dodola.ml举例子点击完成，稍等一会儿他就会跳转至下一步网站加载可能稍慢接着点击将3 Months @ FREE改为12 Months @ FREEPS:Use Dns代表自定义DNSForward this domain代表将域名跳转至某域名当这一步做好后点击Continue接下来会跳转至在Enter Your Email Address填写你的域名然后点击 Verify My Email Address这时候Freenom将会给你发一封邮件在邮件内部找到Verify My Email Address点击一下，就会跳转至一个页面，下面让你填写真实信息，推荐和自己IP一样，否则可能结算报错。填写好后将下面的小方块打上勾，点击下一步(应该是的)然后跳转至一个页面，看看上面有没有Error之类的报错，如果没有，恭喜你，注册成功!下面是修改DNS教程打开https://my.freenom.com/clientarea.php?action=domains找到你刚才嫖的域名点击后面的Manage Domain然后找到Management Tools-Nameserver选择Use custom nameservers(enter below)将下面的Nameserver改成你想用的DNS这时候一年的域名就白嫖完成啦~续费也是免费的哦！ PS:白嫖的域名现在无法使用CF啦(无法解析！)","categories":[],"tags":[{"name":"白嫖党福利","slug":"白嫖党福利","permalink":"https://blog.slqwq.cn/tags/%E7%99%BD%E5%AB%96%E5%85%9A%E7%A6%8F%E5%88%A9/"}]}],"categories":[{"name":"评论系统","slug":"评论系统","permalink":"https://blog.slqwq.cn/categories/%E8%AF%84%E8%AE%BA%E7%B3%BB%E7%BB%9F/"},{"name":"Python","slug":"Python","permalink":"https://blog.slqwq.cn/categories/Python/"},{"name":"Vercel","slug":"Vercel","permalink":"https://blog.slqwq.cn/categories/Vercel/"},{"name":"干货","slug":"干货","permalink":"https://blog.slqwq.cn/categories/%E5%B9%B2%E8%B4%A7/"},{"name":"实用工具","slug":"实用工具","permalink":"https://blog.slqwq.cn/categories/%E5%AE%9E%E7%94%A8%E5%B7%A5%E5%85%B7/"},{"name":"在线工具","slug":"实用工具/在线工具","permalink":"https://blog.slqwq.cn/categories/%E5%AE%9E%E7%94%A8%E5%B7%A5%E5%85%B7/%E5%9C%A8%E7%BA%BF%E5%B7%A5%E5%85%B7/"},{"name":"魔改","slug":"魔改","permalink":"https://blog.slqwq.cn/categories/%E9%AD%94%E6%94%B9/"},{"name":"评论","slug":"魔改/评论","permalink":"https://blog.slqwq.cn/categories/%E9%AD%94%E6%94%B9/%E8%AF%84%E8%AE%BA/"},{"name":"Pjax系列","slug":"Pjax系列","permalink":"https://blog.slqwq.cn/categories/Pjax%E7%B3%BB%E5%88%97/"},{"name":"播放器","slug":"Pjax系列/播放器","permalink":"https://blog.slqwq.cn/categories/Pjax%E7%B3%BB%E5%88%97/%E6%92%AD%E6%94%BE%E5%99%A8/"},{"name":"Javascript","slug":"Pjax系列/播放器/Javascript","permalink":"https://blog.slqwq.cn/categories/Pjax%E7%B3%BB%E5%88%97/%E6%92%AD%E6%94%BE%E5%99%A8/Javascript/"}],"tags":[{"name":"简约、大气","slug":"简约、大气","permalink":"https://blog.slqwq.cn/tags/%E7%AE%80%E7%BA%A6%E3%80%81%E5%A4%A7%E6%B0%94/"},{"name":"Python","slug":"Python","permalink":"https://blog.slqwq.cn/tags/Python/"},{"name":"Terminal","slug":"Terminal","permalink":"https://blog.slqwq.cn/tags/Terminal/"},{"name":"网站","slug":"网站","permalink":"https://blog.slqwq.cn/tags/%E7%BD%91%E7%AB%99/"},{"name":"Free","slug":"Free","permalink":"https://blog.slqwq.cn/tags/Free/"},{"name":"干货","slug":"干货","permalink":"https://blog.slqwq.cn/tags/%E5%B9%B2%E8%B4%A7/"},{"name":"Jsdelivr","slug":"Jsdelivr","permalink":"https://blog.slqwq.cn/tags/Jsdelivr/"},{"name":"实用工具","slug":"实用工具","permalink":"https://blog.slqwq.cn/tags/%E5%AE%9E%E7%94%A8%E5%B7%A5%E5%85%B7/"},{"name":"CSS","slug":"CSS","permalink":"https://blog.slqwq.cn/tags/CSS/"},{"name":"HTML","slug":"HTML","permalink":"https://blog.slqwq.cn/tags/HTML/"},{"name":"Hexo","slug":"Hexo","permalink":"https://blog.slqwq.cn/tags/Hexo/"},{"name":"魔改","slug":"魔改","permalink":"https://blog.slqwq.cn/tags/%E9%AD%94%E6%94%B9/"},{"name":"Aplayer","slug":"Aplayer","permalink":"https://blog.slqwq.cn/tags/Aplayer/"},{"name":"Meting","slug":"Meting","permalink":"https://blog.slqwq.cn/tags/Meting/"},{"name":"白嫖党福利","slug":"白嫖党福利","permalink":"https://blog.slqwq.cn/tags/%E7%99%BD%E5%AB%96%E5%85%9A%E7%A6%8F%E5%88%A9/"}]}